{"timestamp":"2026-10-02T18:02:18.132759","level":"info","event":"Filling up the DagBag from /opt/airflow/dags/user_processing.py","logger":"airflow.models.dagbag.DagBag"}
{"timestamp":"2026-10-02T18:02:19.396758Z","level":"info","event":"hello world","chan":"stdout","logger":"processor"}
{"timestamp":"2026-10-02T18:02:49.686560","level":"info","event":"Filling up the DagBag from /opt/airflow/dags/user_processing.py","logger":"airflow.models.dagbag.DagBag"}
{"timestamp":"2026-10-02T18:02:49.706558Z","level":"info","event":"hello world","chan":"stdout","logger":"processor"}
{"timestamp":"2026-10-02T18:03:20.007511","level":"info","event":"Filling up the DagBag from /opt/airflow/dags/user_processing.py","logger":"airflow.models.dagbag.DagBag"}
{"timestamp":"2026-10-02T18:03:20.021655Z","level":"info","event":"hello world","chan":"stdout","logger":"processor"}
{"timestamp":"2026-10-02T18:03:50.293798","level":"info","event":"Filling up the DagBag from /opt/airflow/dags/user_processing.py","logger":"airflow.models.dagbag.DagBag"}
{"timestamp":"2026-10-02T18:03:50.309612Z","level":"info","event":"hello world","chan":"stdout","logger":"processor"}
{"timestamp":"2026-10-02T18:04:20.600651","level":"info","event":"Filling up the DagBag from /opt/airflow/dags/user_processing.py","logger":"airflow.models.dagbag.DagBag"}
{"timestamp":"2026-10-02T18:04:20.612147Z","level":"info","event":"hello world","chan":"stdout","logger":"processor"}
{"timestamp":"2026-10-02T18:04:50.886782","level":"info","event":"Filling up the DagBag from /opt/airflow/dags/user_processing.py","logger":"airflow.models.dagbag.DagBag"}
{"timestamp":"2026-10-02T18:04:50.894986Z","level":"info","event":"hello world","chan":"stdout","logger":"processor"}
{"timestamp":"2026-10-02T18:05:21.272289","level":"info","event":"Filling up the DagBag from /opt/airflow/dags/user_processing.py","logger":"airflow.models.dagbag.DagBag"}
{"timestamp":"2026-10-02T18:05:21.284125Z","level":"info","event":"hello world","chan":"stdout","logger":"processor"}
{"timestamp":"2026-10-02T18:05:51.571152","level":"info","event":"Filling up the DagBag from /opt/airflow/dags/user_processing.py","logger":"airflow.models.dagbag.DagBag"}
{"timestamp":"2026-10-02T18:05:51.580735Z","level":"info","event":"hello world","chan":"stdout","logger":"processor"}
{"timestamp":"2026-10-02T18:06:21.928795","level":"info","event":"Filling up the DagBag from /opt/airflow/dags/user_processing.py","logger":"airflow.models.dagbag.DagBag"}
{"timestamp":"2026-10-02T18:06:21.939027Z","level":"info","event":"hello world","chan":"stdout","logger":"processor"}
{"timestamp":"2026-10-02T18:06:52.283312","level":"info","event":"Filling up the DagBag from /opt/airflow/dags/user_processing.py","logger":"airflow.models.dagbag.DagBag"}
{"timestamp":"2026-10-02T18:06:52.296339Z","level":"info","event":"hello world","chan":"stdout","logger":"processor"}
{"timestamp":"2026-10-02T18:07:22.661549","level":"info","event":"Filling up the DagBag from /opt/airflow/dags/user_processing.py","logger":"airflow.models.dagbag.DagBag"}
{"timestamp":"2026-10-02T18:07:22.671166Z","level":"info","event":"hello world","chan":"stdout","logger":"processor"}
{"timestamp":"2026-10-02T18:07:52.962121","level":"info","event":"Filling up the DagBag from /opt/airflow/dags/user_processing.py","logger":"airflow.models.dagbag.DagBag"}
{"timestamp":"2026-10-02T18:07:52.974724Z","level":"info","event":"hello world","chan":"stdout","logger":"processor"}
{"timestamp":"2026-10-02T18:08:23.308322","level":"info","event":"Filling up the DagBag from /opt/airflow/dags/user_processing.py","logger":"airflow.models.dagbag.DagBag"}
{"timestamp":"2026-10-02T18:08:23.322058Z","level":"info","event":"hello world","chan":"stdout","logger":"processor"}
{"timestamp":"2026-10-02T18:08:53.680283","level":"info","event":"Filling up the DagBag from /opt/airflow/dags/user_processing.py","logger":"airflow.models.dagbag.DagBag"}
{"timestamp":"2026-10-02T18:08:53.690382Z","level":"info","event":"hello world","chan":"stdout","logger":"processor"}
{"timestamp":"2026-10-02T18:09:24.039282","level":"info","event":"Filling up the DagBag from /opt/airflow/dags/user_processing.py","logger":"airflow.models.dagbag.DagBag"}
{"timestamp":"2026-10-02T18:09:24.049609Z","level":"info","event":"hello world","chan":"stdout","logger":"processor"}
{"timestamp":"2026-10-02T18:09:54.397932","level":"info","event":"Filling up the DagBag from /opt/airflow/dags/user_processing.py","logger":"airflow.models.dagbag.DagBag"}
{"timestamp":"2026-10-02T18:09:54.405109Z","level":"info","event":"hello world","chan":"stdout","logger":"processor"}
{"timestamp":"2026-10-02T18:10:24.754144","level":"info","event":"Filling up the DagBag from /opt/airflow/dags/user_processing.py","logger":"airflow.models.dagbag.DagBag"}
{"timestamp":"2026-10-02T18:10:24.768541Z","level":"info","event":"hello world","chan":"stdout","logger":"processor"}
{"timestamp":"2026-10-02T18:10:55.084362","level":"info","event":"Filling up the DagBag from /opt/airflow/dags/user_processing.py","logger":"airflow.models.dagbag.DagBag"}
{"timestamp":"2026-10-02T18:10:55.094692Z","level":"info","event":"hello world","chan":"stdout","logger":"processor"}
{"timestamp":"2026-10-02T18:11:25.400823","level":"info","event":"Filling up the DagBag from /opt/airflow/dags/user_processing.py","logger":"airflow.models.dagbag.DagBag"}
{"timestamp":"2026-10-02T18:11:25.415645Z","level":"info","event":"hello world","chan":"stdout","logger":"processor"}
{"timestamp":"2026-10-02T18:11:55.712356","level":"info","event":"Filling up the DagBag from /opt/airflow/dags/user_processing.py","logger":"airflow.models.dagbag.DagBag"}
{"timestamp":"2026-10-02T18:11:55.725682Z","level":"info","event":"hello world","chan":"stdout","logger":"processor"}
{"timestamp":"2026-10-02T18:12:26.037047","level":"info","event":"Filling up the DagBag from /opt/airflow/dags/user_processing.py","logger":"airflow.models.dagbag.DagBag"}
{"timestamp":"2026-10-02T18:12:26.049439Z","level":"info","event":"hello world","chan":"stdout","logger":"processor"}
{"timestamp":"2026-10-02T18:12:56.354726","level":"info","event":"Filling up the DagBag from /opt/airflow/dags/user_processing.py","logger":"airflow.models.dagbag.DagBag"}
{"timestamp":"2026-10-02T18:12:56.367069Z","level":"info","event":"hello world","chan":"stdout","logger":"processor"}
{"timestamp":"2026-10-02T18:13:26.690844","level":"info","event":"Filling up the DagBag from /opt/airflow/dags/user_processing.py","logger":"airflow.models.dagbag.DagBag"}
{"timestamp":"2026-10-02T18:13:26.700467Z","level":"info","event":"hello world","chan":"stdout","logger":"processor"}
{"timestamp":"2026-10-02T18:13:57.041816","level":"info","event":"Filling up the DagBag from /opt/airflow/dags/user_processing.py","logger":"airflow.models.dagbag.DagBag"}
{"timestamp":"2026-10-02T18:13:57.056940Z","level":"info","event":"hello world","chan":"stdout","logger":"processor"}
{"timestamp":"2026-10-02T18:14:27.489196","level":"info","event":"Filling up the DagBag from /opt/airflow/dags/user_processing.py","logger":"airflow.models.dagbag.DagBag"}
{"timestamp":"2026-10-02T18:14:27.512787Z","level":"info","event":"hello world","chan":"stdout","logger":"processor"}
{"timestamp":"2026-10-02T18:14:57.797357","level":"info","event":"Filling up the DagBag from /opt/airflow/dags/user_processing.py","logger":"airflow.models.dagbag.DagBag"}
{"timestamp":"2026-10-02T18:14:57.808488Z","level":"info","event":"hello world","chan":"stdout","logger":"processor"}
{"timestamp":"2026-10-02T18:15:28.109942","level":"info","event":"Filling up the DagBag from /opt/airflow/dags/user_processing.py","logger":"airflow.models.dagbag.DagBag"}
{"timestamp":"2026-10-02T18:15:28.151501Z","level":"info","event":"hello world","chan":"stdout","logger":"processor"}
{"timestamp":"2026-10-02T18:15:58.521515","level":"info","event":"Filling up the DagBag from /opt/airflow/dags/user_processing.py","logger":"airflow.models.dagbag.DagBag"}
{"timestamp":"2026-10-02T18:15:58.543930Z","level":"info","event":"hello world","chan":"stdout","logger":"processor"}
{"timestamp":"2026-10-02T18:16:28.876857","level":"info","event":"Filling up the DagBag from /opt/airflow/dags/user_processing.py","logger":"airflow.models.dagbag.DagBag"}
{"timestamp":"2026-10-02T18:16:28.892239Z","level":"info","event":"hello world","chan":"stdout","logger":"processor"}
{"timestamp":"2026-10-02T18:16:59.245107","level":"info","event":"Filling up the DagBag from /opt/airflow/dags/user_processing.py","logger":"airflow.models.dagbag.DagBag"}
{"timestamp":"2026-10-02T18:16:59.263291Z","level":"info","event":"hello world","chan":"stdout","logger":"processor"}
{"timestamp":"2026-10-02T18:17:29.597917","level":"info","event":"Filling up the DagBag from /opt/airflow/dags/user_processing.py","logger":"airflow.models.dagbag.DagBag"}
{"timestamp":"2026-10-02T18:17:29.613327Z","level":"info","event":"hello world","chan":"stdout","logger":"processor"}
{"timestamp":"2026-10-02T18:17:59.925897","level":"info","event":"Filling up the DagBag from /opt/airflow/dags/user_processing.py","logger":"airflow.models.dagbag.DagBag"}
{"timestamp":"2026-10-02T18:17:59.936134Z","level":"info","event":"hello world","chan":"stdout","logger":"processor"}
{"timestamp":"2026-10-02T18:18:04.041926","level":"info","event":"Filling up the DagBag from /opt/airflow/dags/user_processing.py","logger":"airflow.models.dagbag.DagBag"}
{"timestamp":"2026-10-02T18:18:04.061833Z","level":"info","event":"hello world","chan":"stdout","logger":"processor"}
{"timestamp":"2026-10-02T18:18:06.135904","level":"info","event":"Filling up the DagBag from /opt/airflow/dags/user_processing.py","logger":"airflow.models.dagbag.DagBag"}
{"timestamp":"2026-10-02T18:18:06.155054Z","level":"info","event":"hello world","chan":"stdout","logger":"processor"}
{"timestamp":"2026-10-02T18:18:12.263359","level":"info","event":"Filling up the DagBag from /opt/airflow/dags/user_processing.py","logger":"airflow.models.dagbag.DagBag"}
{"timestamp":"2026-10-02T18:18:12.277987","level":"error","event":"Failed to import: /opt/airflow/dags/user_processing.py","logger":"airflow.models.dagbag.DagBag","error_detail":[{"exc_type":"SyntaxError","exc_value":"invalid syntax (user_processing.py, line 2)","exc_notes":[],"syntax_error":{"offset":6,"filename":"/opt/airflow/dags/user_processing.py","line":"from \n","lineno":2,"msg":"invalid syntax"},"is_cause":false,"frames":[{"filename":"/home/airflow/.local/lib/python3.12/site-packages/airflow/models/dagbag.py","lineno":384,"name":"parse"},{"filename":"<frozen importlib._bootstrap_external>","lineno":995,"name":"exec_module"},{"filename":"<frozen importlib._bootstrap_external>","lineno":1133,"name":"get_code"},{"filename":"<frozen importlib._bootstrap_external>","lineno":1063,"name":"source_to_code"},{"filename":"<frozen importlib._bootstrap>","lineno":488,"name":"_call_with_frames_removed"}]}]}
{"timestamp":"2026-10-02T18:18:25.438696","level":"info","event":"Filling up the DagBag from /opt/airflow/dags/user_processing.py","logger":"airflow.models.dagbag.DagBag"}
{"timestamp":"2026-10-02T18:18:25.454728","level":"error","event":"Failed to import: /opt/airflow/dags/user_processing.py","logger":"airflow.models.dagbag.DagBag","error_detail":[{"exc_type":"SyntaxError","exc_value":"invalid syntax (user_processing.py, line 2)","exc_notes":[],"syntax_error":{"offset":14,"filename":"/opt/airflow/dags/user_processing.py","line":"from airflow.\n","lineno":2,"msg":"invalid syntax"},"is_cause":false,"frames":[{"filename":"/home/airflow/.local/lib/python3.12/site-packages/airflow/models/dagbag.py","lineno":384,"name":"parse"},{"filename":"<frozen importlib._bootstrap_external>","lineno":995,"name":"exec_module"},{"filename":"<frozen importlib._bootstrap_external>","lineno":1133,"name":"get_code"},{"filename":"<frozen importlib._bootstrap_external>","lineno":1063,"name":"source_to_code"},{"filename":"<frozen importlib._bootstrap>","lineno":488,"name":"_call_with_frames_removed"}]}]}
{"timestamp":"2026-10-02T18:18:29.554787","level":"info","event":"Filling up the DagBag from /opt/airflow/dags/user_processing.py","logger":"airflow.models.dagbag.DagBag"}
{"timestamp":"2026-10-02T18:18:29.571530","level":"error","event":"Failed to import: /opt/airflow/dags/user_processing.py","logger":"airflow.models.dagbag.DagBag","error_detail":[{"exc_type":"SyntaxError","exc_value":"invalid syntax (user_processing.py, line 2)","exc_notes":[],"syntax_error":{"offset":24,"filename":"/opt/airflow/dags/user_processing.py","line":"from airflow.providers.\n","lineno":2,"msg":"invalid syntax"},"is_cause":false,"frames":[{"filename":"/home/airflow/.local/lib/python3.12/site-packages/airflow/models/dagbag.py","lineno":384,"name":"parse"},{"filename":"<frozen importlib._bootstrap_external>","lineno":995,"name":"exec_module"},{"filename":"<frozen importlib._bootstrap_external>","lineno":1133,"name":"get_code"},{"filename":"<frozen importlib._bootstrap_external>","lineno":1063,"name":"source_to_code"},{"filename":"<frozen importlib._bootstrap>","lineno":488,"name":"_call_with_frames_removed"}]}]}
{"timestamp":"2026-10-02T18:18:34.696000","level":"info","event":"Filling up the DagBag from /opt/airflow/dags/user_processing.py","logger":"airflow.models.dagbag.DagBag"}
{"timestamp":"2026-10-02T18:18:34.722149","level":"error","event":"Failed to import: /opt/airflow/dags/user_processing.py","logger":"airflow.models.dagbag.DagBag","error_detail":[{"exc_type":"SyntaxError","exc_value":"invalid syntax (user_processing.py, line 2)","exc_notes":[],"syntax_error":{"offset":31,"filename":"/opt/airflow/dags/user_processing.py","line":"from airflow.providers.common.\n","lineno":2,"msg":"invalid syntax"},"is_cause":false,"frames":[{"filename":"/home/airflow/.local/lib/python3.12/site-packages/airflow/models/dagbag.py","lineno":384,"name":"parse"},{"filename":"<frozen importlib._bootstrap_external>","lineno":995,"name":"exec_module"},{"filename":"<frozen importlib._bootstrap_external>","lineno":1133,"name":"get_code"},{"filename":"<frozen importlib._bootstrap_external>","lineno":1063,"name":"source_to_code"},{"filename":"<frozen importlib._bootstrap>","lineno":488,"name":"_call_with_frames_removed"}]}]}
{"timestamp":"2026-10-02T18:18:37.808502","level":"info","event":"Filling up the DagBag from /opt/airflow/dags/user_processing.py","logger":"airflow.models.dagbag.DagBag"}
{"timestamp":"2026-10-02T18:18:37.820938","level":"error","event":"Failed to import: /opt/airflow/dags/user_processing.py","logger":"airflow.models.dagbag.DagBag","error_detail":[{"exc_type":"SyntaxError","exc_value":"invalid syntax (user_processing.py, line 2)","exc_notes":[],"syntax_error":{"offset":35,"filename":"/opt/airflow/dags/user_processing.py","line":"from airflow.providers.common.sql.\n","lineno":2,"msg":"invalid syntax"},"is_cause":false,"frames":[{"filename":"/home/airflow/.local/lib/python3.12/site-packages/airflow/models/dagbag.py","lineno":384,"name":"parse"},{"filename":"<frozen importlib._bootstrap_external>","lineno":995,"name":"exec_module"},{"filename":"<frozen importlib._bootstrap_external>","lineno":1133,"name":"get_code"},{"filename":"<frozen importlib._bootstrap_external>","lineno":1063,"name":"source_to_code"},{"filename":"<frozen importlib._bootstrap>","lineno":488,"name":"_call_with_frames_removed"}]}]}
{"timestamp":"2026-10-02T18:18:41.928170","level":"info","event":"Filling up the DagBag from /opt/airflow/dags/user_processing.py","logger":"airflow.models.dagbag.DagBag"}
{"timestamp":"2026-10-02T18:18:41.943722","level":"error","event":"Failed to import: /opt/airflow/dags/user_processing.py","logger":"airflow.models.dagbag.DagBag","error_detail":[{"exc_type":"SyntaxError","exc_value":"invalid syntax (user_processing.py, line 2)","exc_notes":[],"syntax_error":{"offset":48,"filename":"/opt/airflow/dags/user_processing.py","line":"from airflow.providers.common.sql.operators.sql\n","lineno":2,"msg":"invalid syntax"},"is_cause":false,"frames":[{"filename":"/home/airflow/.local/lib/python3.12/site-packages/airflow/models/dagbag.py","lineno":384,"name":"parse"},{"filename":"<frozen importlib._bootstrap_external>","lineno":995,"name":"exec_module"},{"filename":"<frozen importlib._bootstrap_external>","lineno":1133,"name":"get_code"},{"filename":"<frozen importlib._bootstrap_external>","lineno":1063,"name":"source_to_code"},{"filename":"<frozen importlib._bootstrap>","lineno":488,"name":"_call_with_frames_removed"}]}]}
{"timestamp":"2026-10-02T18:18:45.023371","level":"info","event":"Filling up the DagBag from /opt/airflow/dags/user_processing.py","logger":"airflow.models.dagbag.DagBag"}
{"timestamp":"2026-10-02T18:18:45.036869","level":"error","event":"Failed to import: /opt/airflow/dags/user_processing.py","logger":"airflow.models.dagbag.DagBag","error_detail":[{"exc_type":"SyntaxError","exc_value":"invalid syntax (user_processing.py, line 2)","exc_notes":[],"syntax_error":{"offset":56,"filename":"/opt/airflow/dags/user_processing.py","line":"from airflow.providers.common.sql.operators.sql import \n","lineno":2,"msg":"invalid syntax"},"is_cause":false,"frames":[{"filename":"/home/airflow/.local/lib/python3.12/site-packages/airflow/models/dagbag.py","lineno":384,"name":"parse"},{"filename":"<frozen importlib._bootstrap_external>","lineno":995,"name":"exec_module"},{"filename":"<frozen importlib._bootstrap_external>","lineno":1133,"name":"get_code"},{"filename":"<frozen importlib._bootstrap_external>","lineno":1063,"name":"source_to_code"},{"filename":"<frozen importlib._bootstrap>","lineno":488,"name":"_call_with_frames_removed"}]}]}
{"timestamp":"2026-10-02T18:18:46.110988","level":"info","event":"Filling up the DagBag from /opt/airflow/dags/user_processing.py","logger":"airflow.models.dagbag.DagBag"}
{"timestamp":"2026-10-02T18:18:46.216621","level":"error","event":"Failed to import: /opt/airflow/dags/user_processing.py","logger":"airflow.models.dagbag.DagBag","error_detail":[{"exc_type":"ImportError","exc_value":"cannot import name 's' from 'airflow.providers.common.sql.operators.sql' (/home/airflow/.local/lib/python3.12/site-packages/airflow/providers/common/sql/operators/sql.py)","exc_notes":[],"syntax_error":null,"is_cause":false,"frames":[{"filename":"/home/airflow/.local/lib/python3.12/site-packages/airflow/models/dagbag.py","lineno":384,"name":"parse"},{"filename":"<frozen importlib._bootstrap_external>","lineno":999,"name":"exec_module"},{"filename":"<frozen importlib._bootstrap>","lineno":488,"name":"_call_with_frames_removed"},{"filename":"/opt/airflow/dags/user_processing.py","lineno":2,"name":"<module>"}]}]}
{"timestamp":"2026-10-02T18:18:55.347174","level":"info","event":"Filling up the DagBag from /opt/airflow/dags/user_processing.py","logger":"airflow.models.dagbag.DagBag"}
{"timestamp":"2026-10-02T18:18:55.381266Z","level":"info","event":"hello world","chan":"stdout","logger":"processor"}
{"timestamp":"2026-10-02T18:19:04.531906","level":"info","event":"Filling up the DagBag from /opt/airflow/dags/user_processing.py","logger":"airflow.models.dagbag.DagBag"}
{"timestamp":"2026-10-02T18:19:04.549347","level":"error","event":"Failed to import: /opt/airflow/dags/user_processing.py","logger":"airflow.models.dagbag.DagBag","error_detail":[{"exc_type":"SyntaxError","exc_value":"invalid syntax (user_processing.py, line 5)","exc_notes":[],"syntax_error":{"offset":1,"filename":"/opt/airflow/dags/user_processing.py","line":"d","lineno":5,"msg":"invalid syntax"},"is_cause":false,"frames":[{"filename":"/home/airflow/.local/lib/python3.12/site-packages/airflow/models/dagbag.py","lineno":384,"name":"parse"},{"filename":"<frozen importlib._bootstrap_external>","lineno":995,"name":"exec_module"},{"filename":"<frozen importlib._bootstrap_external>","lineno":1133,"name":"get_code"},{"filename":"<frozen importlib._bootstrap_external>","lineno":1063,"name":"source_to_code"},{"filename":"<frozen importlib._bootstrap>","lineno":488,"name":"_call_with_frames_removed"}]}]}
{"timestamp":"2026-10-02T18:19:06.634387","level":"info","event":"Filling up the DagBag from /opt/airflow/dags/user_processing.py","logger":"airflow.models.dagbag.DagBag"}
{"timestamp":"2026-10-02T18:19:08.762349","level":"info","event":"Filling up the DagBag from /opt/airflow/dags/user_processing.py","logger":"airflow.models.dagbag.DagBag"}
{"timestamp":"2026-10-02T18:19:12.895777","level":"info","event":"Filling up the DagBag from /opt/airflow/dags/user_processing.py","logger":"airflow.models.dagbag.DagBag"}
{"timestamp":"2026-10-02T18:19:12.911578","level":"error","event":"Failed to import: /opt/airflow/dags/user_processing.py","logger":"airflow.models.dagbag.DagBag","error_detail":[{"exc_type":"SyntaxError","exc_value":"invalid syntax (user_processing.py, line 6)","exc_notes":[],"syntax_error":{"offset":0,"filename":"/opt/airflow/dags/user_processing.py","line":"@dag\n","lineno":6,"msg":"invalid syntax"},"is_cause":false,"frames":[{"filename":"/home/airflow/.local/lib/python3.12/site-packages/airflow/models/dagbag.py","lineno":384,"name":"parse"},{"filename":"<frozen importlib._bootstrap_external>","lineno":995,"name":"exec_module"},{"filename":"<frozen importlib._bootstrap_external>","lineno":1133,"name":"get_code"},{"filename":"<frozen importlib._bootstrap_external>","lineno":1063,"name":"source_to_code"},{"filename":"<frozen importlib._bootstrap>","lineno":488,"name":"_call_with_frames_removed"}]}]}
{"timestamp":"2026-10-02T18:19:14.994414","level":"info","event":"Filling up the DagBag from /opt/airflow/dags/user_processing.py","logger":"airflow.models.dagbag.DagBag"}
{"timestamp":"2026-10-02T18:19:15.008007","level":"error","event":"Failed to import: /opt/airflow/dags/user_processing.py","logger":"airflow.models.dagbag.DagBag","error_detail":[{"exc_type":"SyntaxError","exc_value":"invalid syntax (user_processing.py, line 7)","exc_notes":[],"syntax_error":{"offset":5,"filename":"/opt/airflow/dags/user_processing.py","line":"def ","lineno":7,"msg":"invalid syntax"},"is_cause":false,"frames":[{"filename":"/home/airflow/.local/lib/python3.12/site-packages/airflow/models/dagbag.py","lineno":384,"name":"parse"},{"filename":"<frozen importlib._bootstrap_external>","lineno":995,"name":"exec_module"},{"filename":"<frozen importlib._bootstrap_external>","lineno":1133,"name":"get_code"},{"filename":"<frozen importlib._bootstrap_external>","lineno":1063,"name":"source_to_code"},{"filename":"<frozen importlib._bootstrap>","lineno":488,"name":"_call_with_frames_removed"}]}]}
{"timestamp":"2026-10-02T18:19:20.107439","level":"info","event":"Filling up the DagBag from /opt/airflow/dags/user_processing.py","logger":"airflow.models.dagbag.DagBag"}
{"timestamp":"2026-10-02T18:19:20.126312","level":"error","event":"Failed to import: /opt/airflow/dags/user_processing.py","logger":"airflow.models.dagbag.DagBag","error_detail":[{"exc_type":"SyntaxError","exc_value":"expected '(' (user_processing.py, line 7)","exc_notes":[],"syntax_error":{"offset":20,"filename":"/opt/airflow/dags/user_processing.py","line":"def user_processing","lineno":7,"msg":"expected '('"},"is_cause":false,"frames":[{"filename":"/home/airflow/.local/lib/python3.12/site-packages/airflow/models/dagbag.py","lineno":384,"name":"parse"},{"filename":"<frozen importlib._bootstrap_external>","lineno":995,"name":"exec_module"},{"filename":"<frozen importlib._bootstrap_external>","lineno":1133,"name":"get_code"},{"filename":"<frozen importlib._bootstrap_external>","lineno":1063,"name":"source_to_code"},{"filename":"<frozen importlib._bootstrap>","lineno":488,"name":"_call_with_frames_removed"}]}]}
{"timestamp":"2026-10-02T18:19:21.197148","level":"info","event":"Filling up the DagBag from /opt/airflow/dags/user_processing.py","logger":"airflow.models.dagbag.DagBag"}
{"timestamp":"2026-10-02T18:19:21.213212","level":"error","event":"Failed to import: /opt/airflow/dags/user_processing.py","logger":"airflow.models.dagbag.DagBag","error_detail":[{"exc_type":"SyntaxError","exc_value":"expected ':' (user_processing.py, line 7)","exc_notes":[],"syntax_error":{"offset":22,"filename":"/opt/airflow/dags/user_processing.py","line":"def user_processing()","lineno":7,"msg":"expected ':'"},"is_cause":false,"frames":[{"filename":"/home/airflow/.local/lib/python3.12/site-packages/airflow/models/dagbag.py","lineno":384,"name":"parse"},{"filename":"<frozen importlib._bootstrap_external>","lineno":995,"name":"exec_module"},{"filename":"<frozen importlib._bootstrap_external>","lineno":1133,"name":"get_code"},{"filename":"<frozen importlib._bootstrap_external>","lineno":1063,"name":"source_to_code"},{"filename":"<frozen importlib._bootstrap>","lineno":488,"name":"_call_with_frames_removed"}]}]}
{"timestamp":"2026-10-02T18:19:23.298624","level":"info","event":"Filling up the DagBag from /opt/airflow/dags/user_processing.py","logger":"airflow.models.dagbag.DagBag"}
{"timestamp":"2026-10-02T18:19:23.315070","level":"error","event":"Failed to import: /opt/airflow/dags/user_processing.py","logger":"airflow.models.dagbag.DagBag","error_detail":[{"exc_type":"IndentationError","exc_value":"expected an indented block after function definition on line 7 (user_processing.py, line 8)","exc_notes":[],"syntax_error":{"offset":5,"filename":"/opt/airflow/dags/user_processing.py","line":"    ","lineno":8,"msg":"expected an indented block after function definition on line 7"},"is_cause":false,"frames":[{"filename":"/home/airflow/.local/lib/python3.12/site-packages/airflow/models/dagbag.py","lineno":384,"name":"parse"},{"filename":"<frozen importlib._bootstrap_external>","lineno":995,"name":"exec_module"},{"filename":"<frozen importlib._bootstrap_external>","lineno":1133,"name":"get_code"},{"filename":"<frozen importlib._bootstrap_external>","lineno":1063,"name":"source_to_code"},{"filename":"<frozen importlib._bootstrap>","lineno":488,"name":"_call_with_frames_removed"}]}]}
{"timestamp":"2026-10-02T18:19:32.463523","level":"info","event":"Filling up the DagBag from /opt/airflow/dags/user_processing.py","logger":"airflow.models.dagbag.DagBag"}
{"timestamp":"2026-10-02T18:19:32.481022","level":"error","event":"Failed to import: /opt/airflow/dags/user_processing.py","logger":"airflow.models.dagbag.DagBag","error_detail":[{"exc_type":"IndentationError","exc_value":"expected an indented block after function definition on line 7 (user_processing.py, line 8)","exc_notes":[],"syntax_error":{"offset":5,"filename":"/opt/airflow/dags/user_processing.py","line":"    ","lineno":8,"msg":"expected an indented block after function definition on line 7"},"is_cause":false,"frames":[{"filename":"/home/airflow/.local/lib/python3.12/site-packages/airflow/models/dagbag.py","lineno":384,"name":"parse"},{"filename":"<frozen importlib._bootstrap_external>","lineno":995,"name":"exec_module"},{"filename":"<frozen importlib._bootstrap_external>","lineno":1133,"name":"get_code"},{"filename":"<frozen importlib._bootstrap_external>","lineno":1063,"name":"source_to_code"},{"filename":"<frozen importlib._bootstrap>","lineno":488,"name":"_call_with_frames_removed"}]}]}
{"timestamp":"2026-10-02T18:19:35.584177","level":"info","event":"Filling up the DagBag from /opt/airflow/dags/user_processing.py","logger":"airflow.models.dagbag.DagBag"}
{"timestamp":"2026-10-02T18:19:35.608002","level":"error","event":"Failed to import: /opt/airflow/dags/user_processing.py","logger":"airflow.models.dagbag.DagBag","error_detail":[{"exc_type":"IndentationError","exc_value":"expected an indented block after function definition on line 7 (user_processing.py, line 8)","exc_notes":[],"syntax_error":{"offset":5,"filename":"/opt/airflow/dags/user_processing.py","line":"    ","lineno":8,"msg":"expected an indented block after function definition on line 7"},"is_cause":false,"frames":[{"filename":"/home/airflow/.local/lib/python3.12/site-packages/airflow/models/dagbag.py","lineno":384,"name":"parse"},{"filename":"<frozen importlib._bootstrap_external>","lineno":995,"name":"exec_module"},{"filename":"<frozen importlib._bootstrap_external>","lineno":1133,"name":"get_code"},{"filename":"<frozen importlib._bootstrap_external>","lineno":1063,"name":"source_to_code"},{"filename":"<frozen importlib._bootstrap>","lineno":488,"name":"_call_with_frames_removed"}]}]}
{"timestamp":"2026-10-02T18:19:40.703044","level":"info","event":"Filling up the DagBag from /opt/airflow/dags/user_processing.py","logger":"airflow.models.dagbag.DagBag"}
{"timestamp":"2026-10-02T18:19:45.849150","level":"info","event":"Filling up the DagBag from /opt/airflow/dags/user_processing.py","logger":"airflow.models.dagbag.DagBag"}
{"timestamp":"2026-10-02T18:19:45.862056","level":"error","event":"Failed to import: /opt/airflow/dags/user_processing.py","logger":"airflow.models.dagbag.DagBag","error_detail":[{"exc_type":"SyntaxError","exc_value":"invalid syntax (user_processing.py, line 8)","exc_notes":[],"syntax_error":{"offset":18,"filename":"/opt/airflow/dags/user_processing.py","line":"    create_table=","lineno":8,"msg":"invalid syntax"},"is_cause":false,"frames":[{"filename":"/home/airflow/.local/lib/python3.12/site-packages/airflow/models/dagbag.py","lineno":384,"name":"parse"},{"filename":"<frozen importlib._bootstrap_external>","lineno":995,"name":"exec_module"},{"filename":"<frozen importlib._bootstrap_external>","lineno":1133,"name":"get_code"},{"filename":"<frozen importlib._bootstrap_external>","lineno":1063,"name":"source_to_code"},{"filename":"<frozen importlib._bootstrap>","lineno":488,"name":"_call_with_frames_removed"}]}]}
{"timestamp":"2026-10-02T18:19:55.002217","level":"info","event":"Filling up the DagBag from /opt/airflow/dags/user_processing.py","logger":"airflow.models.dagbag.DagBag"}
{"timestamp":"2026-10-02T18:19:58.117633","level":"info","event":"Filling up the DagBag from /opt/airflow/dags/user_processing.py","logger":"airflow.models.dagbag.DagBag"}
{"timestamp":"2026-10-02T18:20:02.245595","level":"info","event":"Filling up the DagBag from /opt/airflow/dags/user_processing.py","logger":"airflow.models.dagbag.DagBag"}
{"timestamp":"2026-10-02T18:20:02.264123","level":"error","event":"Failed to import: /opt/airflow/dags/user_processing.py","logger":"airflow.models.dagbag.DagBag","error_detail":[{"exc_type":"SyntaxError","exc_value":"expected argument value expression (user_processing.py, line 9)","exc_notes":[],"syntax_error":{"offset":9,"filename":"/opt/airflow/dags/user_processing.py","line":"        task_id=\n","lineno":9,"msg":"expected argument value expression"},"is_cause":false,"frames":[{"filename":"/home/airflow/.local/lib/python3.12/site-packages/airflow/models/dagbag.py","lineno":384,"name":"parse"},{"filename":"<frozen importlib._bootstrap_external>","lineno":995,"name":"exec_module"},{"filename":"<frozen importlib._bootstrap_external>","lineno":1133,"name":"get_code"},{"filename":"<frozen importlib._bootstrap_external>","lineno":1063,"name":"source_to_code"},{"filename":"<frozen importlib._bootstrap>","lineno":488,"name":"_call_with_frames_removed"}]}]}
{"timestamp":"2026-10-02T18:20:04.358341","level":"info","event":"Filling up the DagBag from /opt/airflow/dags/user_processing.py","logger":"airflow.models.dagbag.DagBag"}
{"timestamp":"2026-10-02T18:20:04.376242","level":"error","event":"Failed to import: /opt/airflow/dags/user_processing.py","logger":"airflow.models.dagbag.DagBag","error_detail":[{"exc_type":"SyntaxError","exc_value":"expected argument value expression (user_processing.py, line 9)","exc_notes":[],"syntax_error":{"offset":9,"filename":"/opt/airflow/dags/user_processing.py","line":"        task_id=\n","lineno":9,"msg":"expected argument value expression"},"is_cause":false,"frames":[{"filename":"/home/airflow/.local/lib/python3.12/site-packages/airflow/models/dagbag.py","lineno":384,"name":"parse"},{"filename":"<frozen importlib._bootstrap_external>","lineno":995,"name":"exec_module"},{"filename":"<frozen importlib._bootstrap_external>","lineno":1133,"name":"get_code"},{"filename":"<frozen importlib._bootstrap_external>","lineno":1063,"name":"source_to_code"},{"filename":"<frozen importlib._bootstrap>","lineno":488,"name":"_call_with_frames_removed"}]}]}
{"timestamp":"2026-10-02T18:20:33.700297","level":"info","event":"Filling up the DagBag from /opt/airflow/dags/user_processing.py","logger":"airflow.models.dagbag.DagBag"}
{"timestamp":"2026-10-02T18:20:33.711785","level":"error","event":"Failed to import: /opt/airflow/dags/user_processing.py","logger":"airflow.models.dagbag.DagBag","error_detail":[{"exc_type":"SyntaxError","exc_value":"unterminated string literal (detected at line 9) (user_processing.py, line 9)","exc_notes":[],"syntax_error":{"offset":17,"filename":"/opt/airflow/dags/user_processing.py","line":"        task_id=\"create table","lineno":9,"msg":"unterminated string literal (detected at line 9)"},"is_cause":false,"frames":[{"filename":"/home/airflow/.local/lib/python3.12/site-packages/airflow/models/dagbag.py","lineno":384,"name":"parse"},{"filename":"<frozen importlib._bootstrap_external>","lineno":995,"name":"exec_module"},{"filename":"<frozen importlib._bootstrap_external>","lineno":1133,"name":"get_code"},{"filename":"<frozen importlib._bootstrap_external>","lineno":1063,"name":"source_to_code"},{"filename":"<frozen importlib._bootstrap>","lineno":488,"name":"_call_with_frames_removed"}]}]}
{"timestamp":"2026-10-02T18:20:38.830409","level":"info","event":"Filling up the DagBag from /opt/airflow/dags/user_processing.py","logger":"airflow.models.dagbag.DagBag"}
{"timestamp":"2026-10-02T18:20:38.863143","level":"error","event":"Failed to import: /opt/airflow/dags/user_processing.py","logger":"airflow.models.dagbag.DagBag","error_detail":[{"exc_type":"SyntaxError","exc_value":"unterminated string literal (detected at line 9) (user_processing.py, line 9)","exc_notes":[],"syntax_error":{"offset":17,"filename":"/opt/airflow/dags/user_processing.py","line":"        task_id=\"create","lineno":9,"msg":"unterminated string literal (detected at line 9)"},"is_cause":false,"frames":[{"filename":"/home/airflow/.local/lib/python3.12/site-packages/airflow/models/dagbag.py","lineno":384,"name":"parse"},{"filename":"<frozen importlib._bootstrap_external>","lineno":995,"name":"exec_module"},{"filename":"<frozen importlib._bootstrap_external>","lineno":1133,"name":"get_code"},{"filename":"<frozen importlib._bootstrap_external>","lineno":1063,"name":"source_to_code"},{"filename":"<frozen importlib._bootstrap>","lineno":488,"name":"_call_with_frames_removed"}]}]}
{"timestamp":"2026-10-02T18:20:43.971937","level":"info","event":"Filling up the DagBag from /opt/airflow/dags/user_processing.py","logger":"airflow.models.dagbag.DagBag"}
{"timestamp":"2026-10-02T18:20:58.294556","level":"info","event":"Filling up the DagBag from /opt/airflow/dags/user_processing.py","logger":"airflow.models.dagbag.DagBag"}
{"timestamp":"2026-10-02T18:21:15.610203","level":"info","event":"Filling up the DagBag from /opt/airflow/dags/user_processing.py","logger":"airflow.models.dagbag.DagBag"}
{"timestamp":"2026-10-02T18:21:18.744692","level":"info","event":"Filling up the DagBag from /opt/airflow/dags/user_processing.py","logger":"airflow.models.dagbag.DagBag"}
{"timestamp":"2026-10-02T18:21:22.875591","level":"info","event":"Filling up the DagBag from /opt/airflow/dags/user_processing.py","logger":"airflow.models.dagbag.DagBag"}
{"timestamp":"2026-10-02T18:21:35.062003","level":"info","event":"Filling up the DagBag from /opt/airflow/dags/user_processing.py","logger":"airflow.models.dagbag.DagBag"}
{"timestamp":"2026-10-02T18:21:35.076475","level":"error","event":"Failed to import: /opt/airflow/dags/user_processing.py","logger":"airflow.models.dagbag.DagBag","error_detail":[{"exc_type":"SyntaxError","exc_value":"positional argument follows keyword argument (user_processing.py, line 13)","exc_notes":[],"syntax_error":{"offset":5,"filename":"/opt/airflow/dags/user_processing.py","line":"    )","lineno":13,"msg":"positional argument follows keyword argument"},"is_cause":false,"frames":[{"filename":"/home/airflow/.local/lib/python3.12/site-packages/airflow/models/dagbag.py","lineno":384,"name":"parse"},{"filename":"<frozen importlib._bootstrap_external>","lineno":995,"name":"exec_module"},{"filename":"<frozen importlib._bootstrap_external>","lineno":1133,"name":"get_code"},{"filename":"<frozen importlib._bootstrap_external>","lineno":1063,"name":"source_to_code"},{"filename":"<frozen importlib._bootstrap>","lineno":488,"name":"_call_with_frames_removed"}]}]}
{"timestamp":"2026-10-02T18:21:36.154351","level":"info","event":"Filling up the DagBag from /opt/airflow/dags/user_processing.py","logger":"airflow.models.dagbag.DagBag"}
{"timestamp":"2026-10-02T18:21:36.171261","level":"error","event":"Failed to import: /opt/airflow/dags/user_processing.py","logger":"airflow.models.dagbag.DagBag","error_detail":[{"exc_type":"SyntaxError","exc_value":"expected argument value expression (user_processing.py, line 10)","exc_notes":[],"syntax_error":{"offset":9,"filename":"/opt/airflow/dags/user_processing.py","line":"        conn_id=\n","lineno":10,"msg":"expected argument value expression"},"is_cause":false,"frames":[{"filename":"/home/airflow/.local/lib/python3.12/site-packages/airflow/models/dagbag.py","lineno":384,"name":"parse"},{"filename":"<frozen importlib._bootstrap_external>","lineno":995,"name":"exec_module"},{"filename":"<frozen importlib._bootstrap_external>","lineno":1133,"name":"get_code"},{"filename":"<frozen importlib._bootstrap_external>","lineno":1063,"name":"source_to_code"},{"filename":"<frozen importlib._bootstrap>","lineno":488,"name":"_call_with_frames_removed"}]}]}
{"timestamp":"2026-10-02T18:21:43.312478","level":"info","event":"Filling up the DagBag from /opt/airflow/dags/user_processing.py","logger":"airflow.models.dagbag.DagBag"}
{"timestamp":"2026-10-02T18:21:50.488976","level":"info","event":"Filling up the DagBag from /opt/airflow/dags/user_processing.py","logger":"airflow.models.dagbag.DagBag"}
{"timestamp":"2026-10-02T18:21:56.650582","level":"info","event":"Filling up the DagBag from /opt/airflow/dags/user_processing.py","logger":"airflow.models.dagbag.DagBag"}
{"timestamp":"2026-10-02T18:21:56.669460","level":"error","event":"Failed to import: /opt/airflow/dags/user_processing.py","logger":"airflow.models.dagbag.DagBag","error_detail":[{"exc_type":"SyntaxError","exc_value":"positional argument follows keyword argument (user_processing.py, line 14)","exc_notes":[],"syntax_error":{"offset":5,"filename":"/opt/airflow/dags/user_processing.py","line":"    )","lineno":14,"msg":"positional argument follows keyword argument"},"is_cause":false,"frames":[{"filename":"/home/airflow/.local/lib/python3.12/site-packages/airflow/models/dagbag.py","lineno":384,"name":"parse"},{"filename":"<frozen importlib._bootstrap_external>","lineno":995,"name":"exec_module"},{"filename":"<frozen importlib._bootstrap_external>","lineno":1133,"name":"get_code"},{"filename":"<frozen importlib._bootstrap_external>","lineno":1063,"name":"source_to_code"},{"filename":"<frozen importlib._bootstrap>","lineno":488,"name":"_call_with_frames_removed"}]}]}
{"timestamp":"2026-10-02T18:21:59.765096","level":"info","event":"Filling up the DagBag from /opt/airflow/dags/user_processing.py","logger":"airflow.models.dagbag.DagBag"}
{"timestamp":"2026-10-02T18:22:00.873042","level":"info","event":"Filling up the DagBag from /opt/airflow/dags/user_processing.py","logger":"airflow.models.dagbag.DagBag"}
{"timestamp":"2026-10-02T18:22:07.013750","level":"info","event":"Filling up the DagBag from /opt/airflow/dags/user_processing.py","logger":"airflow.models.dagbag.DagBag"}
{"timestamp":"2026-10-02T18:22:15.174734","level":"info","event":"Filling up the DagBag from /opt/airflow/dags/user_processing.py","logger":"airflow.models.dagbag.DagBag"}
{"timestamp":"2026-10-02T18:22:20.309193","level":"info","event":"Filling up the DagBag from /opt/airflow/dags/user_processing.py","logger":"airflow.models.dagbag.DagBag"}
{"timestamp":"2026-10-02T18:22:23.417337","level":"info","event":"Filling up the DagBag from /opt/airflow/dags/user_processing.py","logger":"airflow.models.dagbag.DagBag"}
{"timestamp":"2026-10-02T18:22:47.703165","level":"info","event":"Filling up the DagBag from /opt/airflow/dags/user_processing.py","logger":"airflow.models.dagbag.DagBag"}
{"timestamp":"2026-10-02T18:22:51.833307","level":"info","event":"Filling up the DagBag from /opt/airflow/dags/user_processing.py","logger":"airflow.models.dagbag.DagBag"}
{"timestamp":"2026-10-02T18:22:58.988911","level":"info","event":"Filling up the DagBag from /opt/airflow/dags/user_processing.py","logger":"airflow.models.dagbag.DagBag"}
{"timestamp":"2026-10-02T18:23:10.165686","level":"info","event":"Filling up the DagBag from /opt/airflow/dags/user_processing.py","logger":"airflow.models.dagbag.DagBag"}
{"timestamp":"2026-10-02T18:23:13.312182","level":"info","event":"Filling up the DagBag from /opt/airflow/dags/user_processing.py","logger":"airflow.models.dagbag.DagBag"}
{"timestamp":"2026-10-02T18:23:17.460974","level":"info","event":"Filling up the DagBag from /opt/airflow/dags/user_processing.py","logger":"airflow.models.dagbag.DagBag"}
{"timestamp":"2026-10-02T18:23:24.628050","level":"info","event":"Filling up the DagBag from /opt/airflow/dags/user_processing.py","logger":"airflow.models.dagbag.DagBag"}
{"timestamp":"2026-10-02T18:23:27.736324","level":"info","event":"Filling up the DagBag from /opt/airflow/dags/user_processing.py","logger":"airflow.models.dagbag.DagBag"}
{"timestamp":"2026-10-02T18:23:38.934661","level":"info","event":"Filling up the DagBag from /opt/airflow/dags/user_processing.py","logger":"airflow.models.dagbag.DagBag"}
{"timestamp":"2026-10-02T18:23:49.102570","level":"info","event":"Filling up the DagBag from /opt/airflow/dags/user_processing.py","logger":"airflow.models.dagbag.DagBag"}
{"timestamp":"2026-10-02T18:23:50.196022","level":"info","event":"Filling up the DagBag from /opt/airflow/dags/user_processing.py","logger":"airflow.models.dagbag.DagBag"}
{"timestamp":"2026-10-02T18:24:03.409356","level":"info","event":"Filling up the DagBag from /opt/airflow/dags/user_processing.py","logger":"airflow.models.dagbag.DagBag"}
{"timestamp":"2026-10-02T18:24:07.546078","level":"info","event":"Filling up the DagBag from /opt/airflow/dags/user_processing.py","logger":"airflow.models.dagbag.DagBag"}
{"timestamp":"2026-10-02T18:24:15.702154","level":"info","event":"Filling up the DagBag from /opt/airflow/dags/user_processing.py","logger":"airflow.models.dagbag.DagBag"}
{"timestamp":"2026-10-02T18:24:22.848254","level":"info","event":"Filling up the DagBag from /opt/airflow/dags/user_processing.py","logger":"airflow.models.dagbag.DagBag"}
{"timestamp":"2026-10-02T18:24:25.977354","level":"info","event":"Filling up the DagBag from /opt/airflow/dags/user_processing.py","logger":"airflow.models.dagbag.DagBag"}
{"timestamp":"2026-10-02T18:24:27.079248","level":"info","event":"Filling up the DagBag from /opt/airflow/dags/user_processing.py","logger":"airflow.models.dagbag.DagBag"}
{"timestamp":"2026-10-02T18:24:31.214640","level":"info","event":"Filling up the DagBag from /opt/airflow/dags/user_processing.py","logger":"airflow.models.dagbag.DagBag"}
{"timestamp":"2026-10-02T18:24:34.360113","level":"info","event":"Filling up the DagBag from /opt/airflow/dags/user_processing.py","logger":"airflow.models.dagbag.DagBag"}
{"timestamp":"2026-10-02T18:24:37.465663","level":"info","event":"Filling up the DagBag from /opt/airflow/dags/user_processing.py","logger":"airflow.models.dagbag.DagBag"}
{"timestamp":"2026-10-02T18:24:40.569637","level":"info","event":"Filling up the DagBag from /opt/airflow/dags/user_processing.py","logger":"airflow.models.dagbag.DagBag"}
{"timestamp":"2026-10-02T18:24:49.717411","level":"info","event":"Filling up the DagBag from /opt/airflow/dags/user_processing.py","logger":"airflow.models.dagbag.DagBag"}
{"timestamp":"2026-10-02T18:24:54.845748","level":"info","event":"Filling up the DagBag from /opt/airflow/dags/user_processing.py","logger":"airflow.models.dagbag.DagBag"}
{"timestamp":"2026-10-02T18:25:25.200290","level":"info","event":"Filling up the DagBag from /opt/airflow/dags/user_processing.py","logger":"airflow.models.dagbag.DagBag"}
{"timestamp":"2026-10-02T18:25:55.497576","level":"info","event":"Filling up the DagBag from /opt/airflow/dags/user_processing.py","logger":"airflow.models.dagbag.DagBag"}
{"timestamp":"2026-10-02T18:26:25.774075","level":"info","event":"Filling up the DagBag from /opt/airflow/dags/user_processing.py","logger":"airflow.models.dagbag.DagBag"}
{"timestamp":"2026-10-02T18:26:56.104368","level":"info","event":"Filling up the DagBag from /opt/airflow/dags/user_processing.py","logger":"airflow.models.dagbag.DagBag"}
{"timestamp":"2026-10-02T18:27:26.409461","level":"info","event":"Filling up the DagBag from /opt/airflow/dags/user_processing.py","logger":"airflow.models.dagbag.DagBag"}
{"timestamp":"2026-10-02T18:27:56.792510","level":"info","event":"Filling up the DagBag from /opt/airflow/dags/user_processing.py","logger":"airflow.models.dagbag.DagBag"}
{"timestamp":"2026-10-02T18:28:27.094789","level":"info","event":"Filling up the DagBag from /opt/airflow/dags/user_processing.py","logger":"airflow.models.dagbag.DagBag"}
{"timestamp":"2026-10-02T18:28:57.362265","level":"info","event":"Filling up the DagBag from /opt/airflow/dags/user_processing.py","logger":"airflow.models.dagbag.DagBag"}
{"timestamp":"2026-10-02T18:29:27.664777","level":"info","event":"Filling up the DagBag from /opt/airflow/dags/user_processing.py","logger":"airflow.models.dagbag.DagBag"}
{"timestamp":"2026-10-02T18:29:57.964034","level":"info","event":"Filling up the DagBag from /opt/airflow/dags/user_processing.py","logger":"airflow.models.dagbag.DagBag"}
{"timestamp":"2026-10-02T18:30:28.279711","level":"info","event":"Filling up the DagBag from /opt/airflow/dags/user_processing.py","logger":"airflow.models.dagbag.DagBag"}
{"timestamp":"2026-10-02T18:30:58.602744","level":"info","event":"Filling up the DagBag from /opt/airflow/dags/user_processing.py","logger":"airflow.models.dagbag.DagBag"}
{"timestamp":"2026-10-02T18:31:28.921180","level":"info","event":"Filling up the DagBag from /opt/airflow/dags/user_processing.py","logger":"airflow.models.dagbag.DagBag"}
{"timestamp":"2026-10-02T18:31:59.282127","level":"info","event":"Filling up the DagBag from /opt/airflow/dags/user_processing.py","logger":"airflow.models.dagbag.DagBag"}
{"timestamp":"2026-10-02T18:32:29.579558","level":"info","event":"Filling up the DagBag from /opt/airflow/dags/user_processing.py","logger":"airflow.models.dagbag.DagBag"}
{"timestamp":"2026-10-02T18:32:59.860546","level":"info","event":"Filling up the DagBag from /opt/airflow/dags/user_processing.py","logger":"airflow.models.dagbag.DagBag"}
{"timestamp":"2026-10-02T18:33:30.168852","level":"info","event":"Filling up the DagBag from /opt/airflow/dags/user_processing.py","logger":"airflow.models.dagbag.DagBag"}
{"timestamp":"2026-10-02T18:34:00.483794","level":"info","event":"Filling up the DagBag from /opt/airflow/dags/user_processing.py","logger":"airflow.models.dagbag.DagBag"}
{"timestamp":"2026-10-02T18:34:30.768311","level":"info","event":"Filling up the DagBag from /opt/airflow/dags/user_processing.py","logger":"airflow.models.dagbag.DagBag"}
{"timestamp":"2026-10-02T18:35:01.060563","level":"info","event":"Filling up the DagBag from /opt/airflow/dags/user_processing.py","logger":"airflow.models.dagbag.DagBag"}
{"timestamp":"2026-10-02T18:35:31.361456","level":"info","event":"Filling up the DagBag from /opt/airflow/dags/user_processing.py","logger":"airflow.models.dagbag.DagBag"}
{"timestamp":"2026-10-02T18:35:59.690249","level":"info","event":"Filling up the DagBag from /opt/airflow/dags/user_processing.py","logger":"airflow.models.dagbag.DagBag"}
{"timestamp":"2026-10-02T18:36:30.007655","level":"info","event":"Filling up the DagBag from /opt/airflow/dags/user_processing.py","logger":"airflow.models.dagbag.DagBag"}
{"timestamp":"2026-10-02T18:37:00.331689","level":"info","event":"Filling up the DagBag from /opt/airflow/dags/user_processing.py","logger":"airflow.models.dagbag.DagBag"}
{"timestamp":"2026-10-02T18:37:30.654820","level":"info","event":"Filling up the DagBag from /opt/airflow/dags/user_processing.py","logger":"airflow.models.dagbag.DagBag"}
{"timestamp":"2026-10-02T18:38:00.967568","level":"info","event":"Filling up the DagBag from /opt/airflow/dags/user_processing.py","logger":"airflow.models.dagbag.DagBag"}
{"timestamp":"2026-10-02T18:38:31.325569","level":"info","event":"Filling up the DagBag from /opt/airflow/dags/user_processing.py","logger":"airflow.models.dagbag.DagBag"}
{"timestamp":"2026-10-02T18:39:01.647196","level":"info","event":"Filling up the DagBag from /opt/airflow/dags/user_processing.py","logger":"airflow.models.dagbag.DagBag"}
{"timestamp":"2026-10-02T18:39:31.964443","level":"info","event":"Filling up the DagBag from /opt/airflow/dags/user_processing.py","logger":"airflow.models.dagbag.DagBag"}
{"timestamp":"2026-10-02T18:40:02.305896","level":"info","event":"Filling up the DagBag from /opt/airflow/dags/user_processing.py","logger":"airflow.models.dagbag.DagBag"}
{"timestamp":"2026-10-02T18:40:32.656728","level":"info","event":"Filling up the DagBag from /opt/airflow/dags/user_processing.py","logger":"airflow.models.dagbag.DagBag"}
{"timestamp":"2026-10-02T18:41:02.967347","level":"info","event":"Filling up the DagBag from /opt/airflow/dags/user_processing.py","logger":"airflow.models.dagbag.DagBag"}
{"timestamp":"2026-10-02T18:41:33.258744","level":"info","event":"Filling up the DagBag from /opt/airflow/dags/user_processing.py","logger":"airflow.models.dagbag.DagBag"}
{"timestamp":"2026-10-02T18:42:03.580198","level":"info","event":"Filling up the DagBag from /opt/airflow/dags/user_processing.py","logger":"airflow.models.dagbag.DagBag"}
{"timestamp":"2026-10-02T18:42:33.883343","level":"info","event":"Filling up the DagBag from /opt/airflow/dags/user_processing.py","logger":"airflow.models.dagbag.DagBag"}
{"timestamp":"2026-10-02T18:43:04.236178","level":"info","event":"Filling up the DagBag from /opt/airflow/dags/user_processing.py","logger":"airflow.models.dagbag.DagBag"}
{"timestamp":"2026-10-02T18:43:34.571665","level":"info","event":"Filling up the DagBag from /opt/airflow/dags/user_processing.py","logger":"airflow.models.dagbag.DagBag"}
{"timestamp":"2026-10-02T18:44:04.866518","level":"info","event":"Filling up the DagBag from /opt/airflow/dags/user_processing.py","logger":"airflow.models.dagbag.DagBag"}
{"timestamp":"2026-10-02T18:44:35.233360","level":"info","event":"Filling up the DagBag from /opt/airflow/dags/user_processing.py","logger":"airflow.models.dagbag.DagBag"}
{"timestamp":"2026-10-02T18:45:05.523354","level":"info","event":"Filling up the DagBag from /opt/airflow/dags/user_processing.py","logger":"airflow.models.dagbag.DagBag"}
{"timestamp":"2026-10-02T18:45:35.826495","level":"info","event":"Filling up the DagBag from /opt/airflow/dags/user_processing.py","logger":"airflow.models.dagbag.DagBag"}
{"timestamp":"2026-10-02T18:46:06.113453","level":"info","event":"Filling up the DagBag from /opt/airflow/dags/user_processing.py","logger":"airflow.models.dagbag.DagBag"}
{"timestamp":"2026-10-02T18:46:36.409496","level":"info","event":"Filling up the DagBag from /opt/airflow/dags/user_processing.py","logger":"airflow.models.dagbag.DagBag"}
{"timestamp":"2026-10-02T18:47:06.730111","level":"info","event":"Filling up the DagBag from /opt/airflow/dags/user_processing.py","logger":"airflow.models.dagbag.DagBag"}
{"timestamp":"2026-10-02T18:47:37.048049","level":"info","event":"Filling up the DagBag from /opt/airflow/dags/user_processing.py","logger":"airflow.models.dagbag.DagBag"}
{"timestamp":"2026-10-02T18:48:07.394348","level":"info","event":"Filling up the DagBag from /opt/airflow/dags/user_processing.py","logger":"airflow.models.dagbag.DagBag"}
{"timestamp":"2026-10-02T18:48:37.736896","level":"info","event":"Filling up the DagBag from /opt/airflow/dags/user_processing.py","logger":"airflow.models.dagbag.DagBag"}
{"timestamp":"2026-10-02T18:49:08.039537","level":"info","event":"Filling up the DagBag from /opt/airflow/dags/user_processing.py","logger":"airflow.models.dagbag.DagBag"}
{"timestamp":"2026-10-02T18:49:38.375634","level":"info","event":"Filling up the DagBag from /opt/airflow/dags/user_processing.py","logger":"airflow.models.dagbag.DagBag"}
{"timestamp":"2026-10-02T18:50:08.683287","level":"info","event":"Filling up the DagBag from /opt/airflow/dags/user_processing.py","logger":"airflow.models.dagbag.DagBag"}
{"timestamp":"2026-10-02T18:50:38.988752","level":"info","event":"Filling up the DagBag from /opt/airflow/dags/user_processing.py","logger":"airflow.models.dagbag.DagBag"}
{"timestamp":"2026-10-02T18:51:09.272069","level":"info","event":"Filling up the DagBag from /opt/airflow/dags/user_processing.py","logger":"airflow.models.dagbag.DagBag"}
{"timestamp":"2026-10-02T18:51:39.570497","level":"info","event":"Filling up the DagBag from /opt/airflow/dags/user_processing.py","logger":"airflow.models.dagbag.DagBag"}
{"timestamp":"2026-10-02T18:52:09.901348","level":"info","event":"Filling up the DagBag from /opt/airflow/dags/user_processing.py","logger":"airflow.models.dagbag.DagBag"}
{"timestamp":"2026-10-02T18:52:40.220443","level":"info","event":"Filling up the DagBag from /opt/airflow/dags/user_processing.py","logger":"airflow.models.dagbag.DagBag"}
{"timestamp":"2026-10-02T18:53:10.525163","level":"info","event":"Filling up the DagBag from /opt/airflow/dags/user_processing.py","logger":"airflow.models.dagbag.DagBag"}
{"timestamp":"2026-10-02T18:53:40.852270","level":"info","event":"Filling up the DagBag from /opt/airflow/dags/user_processing.py","logger":"airflow.models.dagbag.DagBag"}
{"timestamp":"2026-10-02T18:54:11.184285","level":"info","event":"Filling up the DagBag from /opt/airflow/dags/user_processing.py","logger":"airflow.models.dagbag.DagBag"}
{"timestamp":"2026-10-02T18:54:41.513403","level":"info","event":"Filling up the DagBag from /opt/airflow/dags/user_processing.py","logger":"airflow.models.dagbag.DagBag"}
{"timestamp":"2026-10-02T18:55:11.809082","level":"info","event":"Filling up the DagBag from /opt/airflow/dags/user_processing.py","logger":"airflow.models.dagbag.DagBag"}
{"timestamp":"2026-10-02T18:55:42.145527","level":"info","event":"Filling up the DagBag from /opt/airflow/dags/user_processing.py","logger":"airflow.models.dagbag.DagBag"}
{"timestamp":"2026-10-02T18:56:12.523305","level":"info","event":"Filling up the DagBag from /opt/airflow/dags/user_processing.py","logger":"airflow.models.dagbag.DagBag"}
{"timestamp":"2026-10-02T18:56:42.862787","level":"info","event":"Filling up the DagBag from /opt/airflow/dags/user_processing.py","logger":"airflow.models.dagbag.DagBag"}
{"timestamp":"2026-10-02T18:57:00.109353","level":"info","event":"Filling up the DagBag from /opt/airflow/dags/user_processing.py","logger":"airflow.models.dagbag.DagBag"}
{"timestamp":"2026-10-02T18:57:30.447469","level":"info","event":"Filling up the DagBag from /opt/airflow/dags/user_processing.py","logger":"airflow.models.dagbag.DagBag"}
{"timestamp":"2026-10-02T18:57:46.637746","level":"info","event":"Filling up the DagBag from /opt/airflow/dags/user_processing.py","logger":"airflow.models.dagbag.DagBag"}
{"timestamp":"2026-10-02T18:57:47.728343","level":"info","event":"Filling up the DagBag from /opt/airflow/dags/user_processing.py","logger":"airflow.models.dagbag.DagBag"}
{"timestamp":"2026-10-02T18:57:48.833204","level":"info","event":"Filling up the DagBag from /opt/airflow/dags/user_processing.py","logger":"airflow.models.dagbag.DagBag"}
{"timestamp":"2026-10-02T18:58:12.131470","level":"info","event":"Filling up the DagBag from /opt/airflow/dags/user_processing.py","logger":"airflow.models.dagbag.DagBag"}
{"timestamp":"2026-10-02T18:58:13.244326","level":"info","event":"Filling up the DagBag from /opt/airflow/dags/user_processing.py","logger":"airflow.models.dagbag.DagBag"}
{"timestamp":"2026-10-02T18:58:43.597698","level":"info","event":"Filling up the DagBag from /opt/airflow/dags/user_processing.py","logger":"airflow.models.dagbag.DagBag"}
{"timestamp":"2026-10-02T18:59:13.893554","level":"info","event":"Filling up the DagBag from /opt/airflow/dags/user_processing.py","logger":"airflow.models.dagbag.DagBag"}
{"timestamp":"2026-10-02T18:59:44.206047","level":"info","event":"Filling up the DagBag from /opt/airflow/dags/user_processing.py","logger":"airflow.models.dagbag.DagBag"}
{"timestamp":"2026-10-02T19:00:14.654122","level":"info","event":"Filling up the DagBag from /opt/airflow/dags/user_processing.py","logger":"airflow.models.dagbag.DagBag"}
{"timestamp":"2026-10-02T19:00:44.979731","level":"info","event":"Filling up the DagBag from /opt/airflow/dags/user_processing.py","logger":"airflow.models.dagbag.DagBag"}
{"timestamp":"2026-10-02T19:01:15.248852","level":"info","event":"Filling up the DagBag from /opt/airflow/dags/user_processing.py","logger":"airflow.models.dagbag.DagBag"}
{"timestamp":"2026-10-02T19:01:45.583683","level":"info","event":"Filling up the DagBag from /opt/airflow/dags/user_processing.py","logger":"airflow.models.dagbag.DagBag"}
{"timestamp":"2026-10-02T19:02:15.938274","level":"info","event":"Filling up the DagBag from /opt/airflow/dags/user_processing.py","logger":"airflow.models.dagbag.DagBag"}
{"timestamp":"2026-10-02T19:02:46.269364","level":"info","event":"Filling up the DagBag from /opt/airflow/dags/user_processing.py","logger":"airflow.models.dagbag.DagBag"}
{"timestamp":"2026-10-02T19:03:11.554067","level":"info","event":"Filling up the DagBag from /opt/airflow/dags/user_processing.py","logger":"airflow.models.dagbag.DagBag"}
{"timestamp":"2026-10-02T19:03:41.991382","level":"info","event":"Filling up the DagBag from /opt/airflow/dags/user_processing.py","logger":"airflow.models.dagbag.DagBag"}
{"timestamp":"2026-10-02T19:04:12.337533","level":"info","event":"Filling up the DagBag from /opt/airflow/dags/user_processing.py","logger":"airflow.models.dagbag.DagBag"}
{"timestamp":"2026-10-02T19:04:42.635377","level":"info","event":"Filling up the DagBag from /opt/airflow/dags/user_processing.py","logger":"airflow.models.dagbag.DagBag"}
{"timestamp":"2026-10-02T19:05:12.994267","level":"info","event":"Filling up the DagBag from /opt/airflow/dags/user_processing.py","logger":"airflow.models.dagbag.DagBag"}
{"timestamp":"2026-10-02T19:05:43.313073","level":"info","event":"Filling up the DagBag from /opt/airflow/dags/user_processing.py","logger":"airflow.models.dagbag.DagBag"}
{"timestamp":"2026-10-02T19:06:13.614945","level":"info","event":"Filling up the DagBag from /opt/airflow/dags/user_processing.py","logger":"airflow.models.dagbag.DagBag"}
{"timestamp":"2026-10-02T19:06:43.905015","level":"info","event":"Filling up the DagBag from /opt/airflow/dags/user_processing.py","logger":"airflow.models.dagbag.DagBag"}
{"timestamp":"2026-10-02T19:07:14.213830","level":"info","event":"Filling up the DagBag from /opt/airflow/dags/user_processing.py","logger":"airflow.models.dagbag.DagBag"}
{"timestamp":"2026-10-02T19:07:29.424425","level":"info","event":"Filling up the DagBag from /opt/airflow/dags/user_processing.py","logger":"airflow.models.dagbag.DagBag"}
{"timestamp":"2026-10-02T19:07:59.796105","level":"info","event":"Filling up the DagBag from /opt/airflow/dags/user_processing.py","logger":"airflow.models.dagbag.DagBag"}
{"timestamp":"2026-10-02T19:08:18.009493","level":"info","event":"Filling up the DagBag from /opt/airflow/dags/user_processing.py","logger":"airflow.models.dagbag.DagBag"}
{"timestamp":"2026-10-02T19:08:48.368766","level":"info","event":"Filling up the DagBag from /opt/airflow/dags/user_processing.py","logger":"airflow.models.dagbag.DagBag"}
{"timestamp":"2026-10-02T19:09:18.698212","level":"info","event":"Filling up the DagBag from /opt/airflow/dags/user_processing.py","logger":"airflow.models.dagbag.DagBag"}
{"timestamp":"2026-10-02T19:09:49.042461","level":"info","event":"Filling up the DagBag from /opt/airflow/dags/user_processing.py","logger":"airflow.models.dagbag.DagBag"}
{"timestamp":"2026-10-02T19:10:19.338655","level":"info","event":"Filling up the DagBag from /opt/airflow/dags/user_processing.py","logger":"airflow.models.dagbag.DagBag"}
{"timestamp":"2026-10-02T19:10:49.675790","level":"info","event":"Filling up the DagBag from /opt/airflow/dags/user_processing.py","logger":"airflow.models.dagbag.DagBag"}
{"timestamp":"2026-10-02T19:11:19.967987","level":"info","event":"Filling up the DagBag from /opt/airflow/dags/user_processing.py","logger":"airflow.models.dagbag.DagBag"}
{"timestamp":"2026-10-02T19:11:50.284208","level":"info","event":"Filling up the DagBag from /opt/airflow/dags/user_processing.py","logger":"airflow.models.dagbag.DagBag"}
{"timestamp":"2026-10-02T19:12:20.610137","level":"info","event":"Filling up the DagBag from /opt/airflow/dags/user_processing.py","logger":"airflow.models.dagbag.DagBag"}
{"timestamp":"2026-10-02T19:12:50.907483","level":"info","event":"Filling up the DagBag from /opt/airflow/dags/user_processing.py","logger":"airflow.models.dagbag.DagBag"}
{"timestamp":"2026-10-02T19:13:21.234514","level":"info","event":"Filling up the DagBag from /opt/airflow/dags/user_processing.py","logger":"airflow.models.dagbag.DagBag"}
{"timestamp":"2026-10-02T19:13:51.531611","level":"info","event":"Filling up the DagBag from /opt/airflow/dags/user_processing.py","logger":"airflow.models.dagbag.DagBag"}
{"timestamp":"2026-10-02T19:14:21.827570","level":"info","event":"Filling up the DagBag from /opt/airflow/dags/user_processing.py","logger":"airflow.models.dagbag.DagBag"}
{"timestamp":"2026-10-02T19:14:52.132337","level":"info","event":"Filling up the DagBag from /opt/airflow/dags/user_processing.py","logger":"airflow.models.dagbag.DagBag"}
{"timestamp":"2026-10-02T19:15:22.446594","level":"info","event":"Filling up the DagBag from /opt/airflow/dags/user_processing.py","logger":"airflow.models.dagbag.DagBag"}
{"timestamp":"2026-10-02T19:15:52.767766","level":"info","event":"Filling up the DagBag from /opt/airflow/dags/user_processing.py","logger":"airflow.models.dagbag.DagBag"}
{"timestamp":"2026-10-02T19:16:23.096131","level":"info","event":"Filling up the DagBag from /opt/airflow/dags/user_processing.py","logger":"airflow.models.dagbag.DagBag"}
{"timestamp":"2026-10-02T19:16:53.437312","level":"info","event":"Filling up the DagBag from /opt/airflow/dags/user_processing.py","logger":"airflow.models.dagbag.DagBag"}
{"timestamp":"2026-10-02T19:17:23.799522","level":"info","event":"Filling up the DagBag from /opt/airflow/dags/user_processing.py","logger":"airflow.models.dagbag.DagBag"}
{"timestamp":"2026-10-02T19:17:54.195349","level":"info","event":"Filling up the DagBag from /opt/airflow/dags/user_processing.py","logger":"airflow.models.dagbag.DagBag"}
{"timestamp":"2026-10-02T19:18:24.546354","level":"info","event":"Filling up the DagBag from /opt/airflow/dags/user_processing.py","logger":"airflow.models.dagbag.DagBag"}
{"timestamp":"2026-10-02T19:18:55.330225","level":"info","event":"Filling up the DagBag from /opt/airflow/dags/user_processing.py","logger":"airflow.models.dagbag.DagBag"}
{"timestamp":"2026-10-02T19:19:25.627636","level":"info","event":"Filling up the DagBag from /opt/airflow/dags/user_processing.py","logger":"airflow.models.dagbag.DagBag"}
{"timestamp":"2026-10-02T19:19:55.955582","level":"info","event":"Filling up the DagBag from /opt/airflow/dags/user_processing.py","logger":"airflow.models.dagbag.DagBag"}
{"timestamp":"2026-10-02T19:20:26.595557","level":"info","event":"Filling up the DagBag from /opt/airflow/dags/user_processing.py","logger":"airflow.models.dagbag.DagBag"}
{"timestamp":"2026-10-02T19:20:56.943393","level":"info","event":"Filling up the DagBag from /opt/airflow/dags/user_processing.py","logger":"airflow.models.dagbag.DagBag"}
{"timestamp":"2026-10-02T19:21:27.239018","level":"info","event":"Filling up the DagBag from /opt/airflow/dags/user_processing.py","logger":"airflow.models.dagbag.DagBag"}
{"timestamp":"2026-10-02T19:21:57.830722","level":"info","event":"Filling up the DagBag from /opt/airflow/dags/user_processing.py","logger":"airflow.models.dagbag.DagBag"}
{"timestamp":"2026-10-02T19:22:28.169952","level":"info","event":"Filling up the DagBag from /opt/airflow/dags/user_processing.py","logger":"airflow.models.dagbag.DagBag"}
{"timestamp":"2026-10-02T19:22:58.504576","level":"info","event":"Filling up the DagBag from /opt/airflow/dags/user_processing.py","logger":"airflow.models.dagbag.DagBag"}
{"timestamp":"2026-10-02T19:23:28.989571","level":"info","event":"Filling up the DagBag from /opt/airflow/dags/user_processing.py","logger":"airflow.models.dagbag.DagBag"}
{"timestamp":"2026-10-02T19:23:59.320749","level":"info","event":"Filling up the DagBag from /opt/airflow/dags/user_processing.py","logger":"airflow.models.dagbag.DagBag"}
{"timestamp":"2026-10-02T19:24:29.626179","level":"info","event":"Filling up the DagBag from /opt/airflow/dags/user_processing.py","logger":"airflow.models.dagbag.DagBag"}
{"timestamp":"2026-10-02T19:24:53.141881","level":"info","event":"Filling up the DagBag from /opt/airflow/dags/user_processing.py","logger":"airflow.models.dagbag.DagBag"}
{"timestamp":"2026-10-02T19:25:23.508304","level":"info","event":"Filling up the DagBag from /opt/airflow/dags/user_processing.py","logger":"airflow.models.dagbag.DagBag"}
{"timestamp":"2026-10-02T19:25:38.702152","level":"info","event":"Filling up the DagBag from /opt/airflow/dags/user_processing.py","logger":"airflow.models.dagbag.DagBag"}
{"timestamp":"2026-10-02T19:25:38.723993","level":"error","event":"Failed to import: /opt/airflow/dags/user_processing.py","logger":"airflow.models.dagbag.DagBag","error_detail":[{"exc_type":"SyntaxError","exc_value":"invalid syntax. Perhaps you forgot a comma? (user_processing.py, line 11)","exc_notes":[],"syntax_error":{"offset":13,"filename":"/opt/airflow/dags/user_processing.py","line":"        sql=\"\"\"\n","lineno":11,"msg":"invalid syntax. Perhaps you forgot a comma?"},"is_cause":false,"frames":[{"filename":"/home/airflow/.local/lib/python3.12/site-packages/airflow/models/dagbag.py","lineno":384,"name":"parse"},{"filename":"<frozen importlib._bootstrap_external>","lineno":995,"name":"exec_module"},{"filename":"<frozen importlib._bootstrap_external>","lineno":1133,"name":"get_code"},{"filename":"<frozen importlib._bootstrap_external>","lineno":1063,"name":"source_to_code"},{"filename":"<frozen importlib._bootstrap>","lineno":488,"name":"_call_with_frames_removed"}]}]}
{"timestamp":"2026-10-02T19:25:39.792735","level":"info","event":"Filling up the DagBag from /opt/airflow/dags/user_processing.py","logger":"airflow.models.dagbag.DagBag"}
{"timestamp":"2026-10-02T19:25:39.810533","level":"error","event":"Failed to import: /opt/airflow/dags/user_processing.py","logger":"airflow.models.dagbag.DagBag","error_detail":[{"exc_type":"SyntaxError","exc_value":"invalid syntax. Perhaps you forgot a comma? (user_processing.py, line 11)","exc_notes":[],"syntax_error":{"offset":13,"filename":"/opt/airflow/dags/user_processing.py","line":"        sql=\"\"\"\n","lineno":11,"msg":"invalid syntax. Perhaps you forgot a comma?"},"is_cause":false,"frames":[{"filename":"/home/airflow/.local/lib/python3.12/site-packages/airflow/models/dagbag.py","lineno":384,"name":"parse"},{"filename":"<frozen importlib._bootstrap_external>","lineno":995,"name":"exec_module"},{"filename":"<frozen importlib._bootstrap_external>","lineno":1133,"name":"get_code"},{"filename":"<frozen importlib._bootstrap_external>","lineno":1063,"name":"source_to_code"},{"filename":"<frozen importlib._bootstrap>","lineno":488,"name":"_call_with_frames_removed"}]}]}
{"timestamp":"2026-10-02T19:26:10.088669","level":"info","event":"Filling up the DagBag from /opt/airflow/dags/user_processing.py","logger":"airflow.models.dagbag.DagBag"}
{"timestamp":"2026-10-02T19:26:10.101857","level":"error","event":"Failed to import: /opt/airflow/dags/user_processing.py","logger":"airflow.models.dagbag.DagBag","error_detail":[{"exc_type":"SyntaxError","exc_value":"invalid syntax. Perhaps you forgot a comma? (user_processing.py, line 11)","exc_notes":[],"syntax_error":{"offset":13,"filename":"/opt/airflow/dags/user_processing.py","line":"        sql=\"\"\"\n","lineno":11,"msg":"invalid syntax. Perhaps you forgot a comma?"},"is_cause":false,"frames":[{"filename":"/home/airflow/.local/lib/python3.12/site-packages/airflow/models/dagbag.py","lineno":384,"name":"parse"},{"filename":"<frozen importlib._bootstrap_external>","lineno":995,"name":"exec_module"},{"filename":"<frozen importlib._bootstrap_external>","lineno":1133,"name":"get_code"},{"filename":"<frozen importlib._bootstrap_external>","lineno":1063,"name":"source_to_code"},{"filename":"<frozen importlib._bootstrap>","lineno":488,"name":"_call_with_frames_removed"}]}]}
{"timestamp":"2026-10-02T19:26:15.213438","level":"info","event":"Filling up the DagBag from /opt/airflow/dags/user_processing.py","logger":"airflow.models.dagbag.DagBag"}
{"timestamp":"2026-10-02T19:26:15.232375","level":"error","event":"Failed to import: /opt/airflow/dags/user_processing.py","logger":"airflow.models.dagbag.DagBag","error_detail":[{"exc_type":"SyntaxError","exc_value":"invalid syntax. Perhaps you forgot a comma? (user_processing.py, line 11)","exc_notes":[],"syntax_error":{"offset":13,"filename":"/opt/airflow/dags/user_processing.py","line":"        sql=\"\"\"\n","lineno":11,"msg":"invalid syntax. Perhaps you forgot a comma?"},"is_cause":false,"frames":[{"filename":"/home/airflow/.local/lib/python3.12/site-packages/airflow/models/dagbag.py","lineno":384,"name":"parse"},{"filename":"<frozen importlib._bootstrap_external>","lineno":995,"name":"exec_module"},{"filename":"<frozen importlib._bootstrap_external>","lineno":1133,"name":"get_code"},{"filename":"<frozen importlib._bootstrap_external>","lineno":1063,"name":"source_to_code"},{"filename":"<frozen importlib._bootstrap>","lineno":488,"name":"_call_with_frames_removed"}]}]}
{"timestamp":"2026-10-02T19:26:18.325850","level":"info","event":"Filling up the DagBag from /opt/airflow/dags/user_processing.py","logger":"airflow.models.dagbag.DagBag"}
{"timestamp":"2026-10-02T19:26:18.342727","level":"error","event":"Failed to import: /opt/airflow/dags/user_processing.py","logger":"airflow.models.dagbag.DagBag","error_detail":[{"exc_type":"SyntaxError","exc_value":"invalid syntax. Perhaps you forgot a comma? (user_processing.py, line 12)","exc_notes":[],"syntax_error":{"offset":13,"filename":"/opt/airflow/dags/user_processing.py","line":"        sql=\"\"\"\n","lineno":12,"msg":"invalid syntax. Perhaps you forgot a comma?"},"is_cause":false,"frames":[{"filename":"/home/airflow/.local/lib/python3.12/site-packages/airflow/models/dagbag.py","lineno":384,"name":"parse"},{"filename":"<frozen importlib._bootstrap_external>","lineno":995,"name":"exec_module"},{"filename":"<frozen importlib._bootstrap_external>","lineno":1133,"name":"get_code"},{"filename":"<frozen importlib._bootstrap_external>","lineno":1063,"name":"source_to_code"},{"filename":"<frozen importlib._bootstrap>","lineno":488,"name":"_call_with_frames_removed"}]}]}
{"timestamp":"2026-10-02T19:26:33.547131","level":"info","event":"Filling up the DagBag from /opt/airflow/dags/user_processing.py","logger":"airflow.models.dagbag.DagBag"}
{"timestamp":"2026-10-02T19:26:33.567621","level":"error","event":"Failed to import: /opt/airflow/dags/user_processing.py","logger":"airflow.models.dagbag.DagBag","error_detail":[{"exc_type":"SyntaxError","exc_value":"invalid syntax (user_processing.py, line 3)","exc_notes":[],"syntax_error":{"offset":15,"filename":"/opt/airflow/dags/user_processing.py","line":"from airflow.s\n","lineno":3,"msg":"invalid syntax"},"is_cause":false,"frames":[{"filename":"/home/airflow/.local/lib/python3.12/site-packages/airflow/models/dagbag.py","lineno":384,"name":"parse"},{"filename":"<frozen importlib._bootstrap_external>","lineno":995,"name":"exec_module"},{"filename":"<frozen importlib._bootstrap_external>","lineno":1133,"name":"get_code"},{"filename":"<frozen importlib._bootstrap_external>","lineno":1063,"name":"source_to_code"},{"filename":"<frozen importlib._bootstrap>","lineno":488,"name":"_call_with_frames_removed"}]}]}
{"timestamp":"2026-10-02T19:26:39.682035","level":"info","event":"Filling up the DagBag from /opt/airflow/dags/user_processing.py","logger":"airflow.models.dagbag.DagBag"}
{"timestamp":"2026-10-02T19:26:39.698772","level":"error","event":"Failed to import: /opt/airflow/dags/user_processing.py","logger":"airflow.models.dagbag.DagBag","error_detail":[{"exc_type":"SyntaxError","exc_value":"invalid syntax. Perhaps you forgot a comma? (user_processing.py, line 12)","exc_notes":[],"syntax_error":{"offset":13,"filename":"/opt/airflow/dags/user_processing.py","line":"        sql=\"\"\"\n","lineno":12,"msg":"invalid syntax. Perhaps you forgot a comma?"},"is_cause":false,"frames":[{"filename":"/home/airflow/.local/lib/python3.12/site-packages/airflow/models/dagbag.py","lineno":384,"name":"parse"},{"filename":"<frozen importlib._bootstrap_external>","lineno":995,"name":"exec_module"},{"filename":"<frozen importlib._bootstrap_external>","lineno":1133,"name":"get_code"},{"filename":"<frozen importlib._bootstrap_external>","lineno":1063,"name":"source_to_code"},{"filename":"<frozen importlib._bootstrap>","lineno":488,"name":"_call_with_frames_removed"}]}]}
{"timestamp":"2026-10-02T19:26:41.777988","level":"info","event":"Filling up the DagBag from /opt/airflow/dags/user_processing.py","logger":"airflow.models.dagbag.DagBag"}
{"timestamp":"2026-10-02T19:26:41.793085","level":"error","event":"Failed to import: /opt/airflow/dags/user_processing.py","logger":"airflow.models.dagbag.DagBag","error_detail":[{"exc_type":"SyntaxError","exc_value":"invalid syntax. Perhaps you forgot a comma? (user_processing.py, line 12)","exc_notes":[],"syntax_error":{"offset":13,"filename":"/opt/airflow/dags/user_processing.py","line":"        sql=\"\"\"\n","lineno":12,"msg":"invalid syntax. Perhaps you forgot a comma?"},"is_cause":false,"frames":[{"filename":"/home/airflow/.local/lib/python3.12/site-packages/airflow/models/dagbag.py","lineno":384,"name":"parse"},{"filename":"<frozen importlib._bootstrap_external>","lineno":995,"name":"exec_module"},{"filename":"<frozen importlib._bootstrap_external>","lineno":1133,"name":"get_code"},{"filename":"<frozen importlib._bootstrap_external>","lineno":1063,"name":"source_to_code"},{"filename":"<frozen importlib._bootstrap>","lineno":488,"name":"_call_with_frames_removed"}]}]}
{"timestamp":"2026-10-02T19:26:44.888691","level":"info","event":"Filling up the DagBag from /opt/airflow/dags/user_processing.py","logger":"airflow.models.dagbag.DagBag"}
{"timestamp":"2026-10-02T19:26:44.912462","level":"error","event":"Failed to import: /opt/airflow/dags/user_processing.py","logger":"airflow.models.dagbag.DagBag","error_detail":[{"exc_type":"SyntaxError","exc_value":"invalid syntax (user_processing.py, line 3)","exc_notes":[],"syntax_error":{"offset":38,"filename":"/opt/airflow/dags/user_processing.py","line":"from airflow.sdk.bases.sensor import \n","lineno":3,"msg":"invalid syntax"},"is_cause":false,"frames":[{"filename":"/home/airflow/.local/lib/python3.12/site-packages/airflow/models/dagbag.py","lineno":384,"name":"parse"},{"filename":"<frozen importlib._bootstrap_external>","lineno":995,"name":"exec_module"},{"filename":"<frozen importlib._bootstrap_external>","lineno":1133,"name":"get_code"},{"filename":"<frozen importlib._bootstrap_external>","lineno":1063,"name":"source_to_code"},{"filename":"<frozen importlib._bootstrap>","lineno":488,"name":"_call_with_frames_removed"}]}]}
{"timestamp":"2026-10-02T19:26:46.986171","level":"info","event":"Filling up the DagBag from /opt/airflow/dags/user_processing.py","logger":"airflow.models.dagbag.DagBag"}
{"timestamp":"2026-10-02T19:26:47.001170","level":"error","event":"Failed to import: /opt/airflow/dags/user_processing.py","logger":"airflow.models.dagbag.DagBag","error_detail":[{"exc_type":"SyntaxError","exc_value":"invalid syntax. Perhaps you forgot a comma? (user_processing.py, line 12)","exc_notes":[],"syntax_error":{"offset":13,"filename":"/opt/airflow/dags/user_processing.py","line":"        sql=\"\"\"\n","lineno":12,"msg":"invalid syntax. Perhaps you forgot a comma?"},"is_cause":false,"frames":[{"filename":"/home/airflow/.local/lib/python3.12/site-packages/airflow/models/dagbag.py","lineno":384,"name":"parse"},{"filename":"<frozen importlib._bootstrap_external>","lineno":995,"name":"exec_module"},{"filename":"<frozen importlib._bootstrap_external>","lineno":1133,"name":"get_code"},{"filename":"<frozen importlib._bootstrap_external>","lineno":1063,"name":"source_to_code"},{"filename":"<frozen importlib._bootstrap>","lineno":488,"name":"_call_with_frames_removed"}]}]}
{"timestamp":"2026-10-02T19:26:50.089605","level":"info","event":"Filling up the DagBag from /opt/airflow/dags/user_processing.py","logger":"airflow.models.dagbag.DagBag"}
{"timestamp":"2026-10-02T19:26:50.111138","level":"error","event":"Failed to import: /opt/airflow/dags/user_processing.py","logger":"airflow.models.dagbag.DagBag","error_detail":[{"exc_type":"SyntaxError","exc_value":"invalid syntax. Perhaps you forgot a comma? (user_processing.py, line 12)","exc_notes":[],"syntax_error":{"offset":13,"filename":"/opt/airflow/dags/user_processing.py","line":"        sql=\"\"\"\n","lineno":12,"msg":"invalid syntax. Perhaps you forgot a comma?"},"is_cause":false,"frames":[{"filename":"/home/airflow/.local/lib/python3.12/site-packages/airflow/models/dagbag.py","lineno":384,"name":"parse"},{"filename":"<frozen importlib._bootstrap_external>","lineno":995,"name":"exec_module"},{"filename":"<frozen importlib._bootstrap_external>","lineno":1133,"name":"get_code"},{"filename":"<frozen importlib._bootstrap_external>","lineno":1063,"name":"source_to_code"},{"filename":"<frozen importlib._bootstrap>","lineno":488,"name":"_call_with_frames_removed"}]}]}
{"timestamp":"2026-10-02T19:26:51.193592","level":"info","event":"Filling up the DagBag from /opt/airflow/dags/user_processing.py","logger":"airflow.models.dagbag.DagBag"}
{"timestamp":"2026-10-02T19:26:51.213520","level":"error","event":"Failed to import: /opt/airflow/dags/user_processing.py","logger":"airflow.models.dagbag.DagBag","error_detail":[{"exc_type":"SyntaxError","exc_value":"invalid syntax. Perhaps you forgot a comma? (user_processing.py, line 13)","exc_notes":[],"syntax_error":{"offset":13,"filename":"/opt/airflow/dags/user_processing.py","line":"        sql=\"\"\"\n","lineno":13,"msg":"invalid syntax. Perhaps you forgot a comma?"},"is_cause":false,"frames":[{"filename":"/home/airflow/.local/lib/python3.12/site-packages/airflow/models/dagbag.py","lineno":384,"name":"parse"},{"filename":"<frozen importlib._bootstrap_external>","lineno":995,"name":"exec_module"},{"filename":"<frozen importlib._bootstrap_external>","lineno":1133,"name":"get_code"},{"filename":"<frozen importlib._bootstrap_external>","lineno":1063,"name":"source_to_code"},{"filename":"<frozen importlib._bootstrap>","lineno":488,"name":"_call_with_frames_removed"}]}]}
{"timestamp":"2026-10-02T19:27:21.572682","level":"info","event":"Filling up the DagBag from /opt/airflow/dags/user_processing.py","logger":"airflow.models.dagbag.DagBag"}
{"timestamp":"2026-10-02T19:27:21.586950","level":"error","event":"Failed to import: /opt/airflow/dags/user_processing.py","logger":"airflow.models.dagbag.DagBag","error_detail":[{"exc_type":"SyntaxError","exc_value":"invalid syntax. Perhaps you forgot a comma? (user_processing.py, line 13)","exc_notes":[],"syntax_error":{"offset":13,"filename":"/opt/airflow/dags/user_processing.py","line":"        sql=\"\"\"\n","lineno":13,"msg":"invalid syntax. Perhaps you forgot a comma?"},"is_cause":false,"frames":[{"filename":"/home/airflow/.local/lib/python3.12/site-packages/airflow/models/dagbag.py","lineno":384,"name":"parse"},{"filename":"<frozen importlib._bootstrap_external>","lineno":995,"name":"exec_module"},{"filename":"<frozen importlib._bootstrap_external>","lineno":1133,"name":"get_code"},{"filename":"<frozen importlib._bootstrap_external>","lineno":1063,"name":"source_to_code"},{"filename":"<frozen importlib._bootstrap>","lineno":488,"name":"_call_with_frames_removed"}]}]}
{"timestamp":"2026-10-02T19:27:34.753582","level":"info","event":"Filling up the DagBag from /opt/airflow/dags/user_processing.py","logger":"airflow.models.dagbag.DagBag"}
{"timestamp":"2026-10-02T19:27:34.773551","level":"error","event":"Failed to import: /opt/airflow/dags/user_processing.py","logger":"airflow.models.dagbag.DagBag","error_detail":[{"exc_type":"SyntaxError","exc_value":"invalid syntax. Perhaps you forgot a comma? (user_processing.py, line 13)","exc_notes":[],"syntax_error":{"offset":13,"filename":"/opt/airflow/dags/user_processing.py","line":"        sql=\"\"\"\n","lineno":13,"msg":"invalid syntax. Perhaps you forgot a comma?"},"is_cause":false,"frames":[{"filename":"/home/airflow/.local/lib/python3.12/site-packages/airflow/models/dagbag.py","lineno":384,"name":"parse"},{"filename":"<frozen importlib._bootstrap_external>","lineno":995,"name":"exec_module"},{"filename":"<frozen importlib._bootstrap_external>","lineno":1133,"name":"get_code"},{"filename":"<frozen importlib._bootstrap_external>","lineno":1063,"name":"source_to_code"},{"filename":"<frozen importlib._bootstrap>","lineno":488,"name":"_call_with_frames_removed"}]}]}
{"timestamp":"2026-10-02T19:27:37.858255","level":"info","event":"Filling up the DagBag from /opt/airflow/dags/user_processing.py","logger":"airflow.models.dagbag.DagBag"}
{"timestamp":"2026-10-02T19:27:37.873876","level":"error","event":"Failed to import: /opt/airflow/dags/user_processing.py","logger":"airflow.models.dagbag.DagBag","error_detail":[{"exc_type":"SyntaxError","exc_value":"invalid syntax. Perhaps you forgot a comma? (user_processing.py, line 13)","exc_notes":[],"syntax_error":{"offset":13,"filename":"/opt/airflow/dags/user_processing.py","line":"        sql=\"\"\"\n","lineno":13,"msg":"invalid syntax. Perhaps you forgot a comma?"},"is_cause":false,"frames":[{"filename":"/home/airflow/.local/lib/python3.12/site-packages/airflow/models/dagbag.py","lineno":384,"name":"parse"},{"filename":"<frozen importlib._bootstrap_external>","lineno":995,"name":"exec_module"},{"filename":"<frozen importlib._bootstrap_external>","lineno":1133,"name":"get_code"},{"filename":"<frozen importlib._bootstrap_external>","lineno":1063,"name":"source_to_code"},{"filename":"<frozen importlib._bootstrap>","lineno":488,"name":"_call_with_frames_removed"}]}]}
{"timestamp":"2026-10-02T19:27:44.983441","level":"info","event":"Filling up the DagBag from /opt/airflow/dags/user_processing.py","logger":"airflow.models.dagbag.DagBag"}
{"timestamp":"2026-10-02T19:27:44.998731","level":"error","event":"Failed to import: /opt/airflow/dags/user_processing.py","logger":"airflow.models.dagbag.DagBag","error_detail":[{"exc_type":"SyntaxError","exc_value":"invalid syntax. Perhaps you forgot a comma? (user_processing.py, line 13)","exc_notes":[],"syntax_error":{"offset":13,"filename":"/opt/airflow/dags/user_processing.py","line":"        sql=\"\"\"\n","lineno":13,"msg":"invalid syntax. Perhaps you forgot a comma?"},"is_cause":false,"frames":[{"filename":"/home/airflow/.local/lib/python3.12/site-packages/airflow/models/dagbag.py","lineno":384,"name":"parse"},{"filename":"<frozen importlib._bootstrap_external>","lineno":995,"name":"exec_module"},{"filename":"<frozen importlib._bootstrap_external>","lineno":1133,"name":"get_code"},{"filename":"<frozen importlib._bootstrap_external>","lineno":1063,"name":"source_to_code"},{"filename":"<frozen importlib._bootstrap>","lineno":488,"name":"_call_with_frames_removed"}]}]}
{"timestamp":"2026-10-02T19:27:48.081684","level":"info","event":"Filling up the DagBag from /opt/airflow/dags/user_processing.py","logger":"airflow.models.dagbag.DagBag"}
{"timestamp":"2026-10-02T19:27:48.107375","level":"error","event":"Failed to import: /opt/airflow/dags/user_processing.py","logger":"airflow.models.dagbag.DagBag","error_detail":[{"exc_type":"SyntaxError","exc_value":"invalid syntax. Perhaps you forgot a comma? (user_processing.py, line 13)","exc_notes":[],"syntax_error":{"offset":13,"filename":"/opt/airflow/dags/user_processing.py","line":"        sql=\"\"\"\n","lineno":13,"msg":"invalid syntax. Perhaps you forgot a comma?"},"is_cause":false,"frames":[{"filename":"/home/airflow/.local/lib/python3.12/site-packages/airflow/models/dagbag.py","lineno":384,"name":"parse"},{"filename":"<frozen importlib._bootstrap_external>","lineno":995,"name":"exec_module"},{"filename":"<frozen importlib._bootstrap_external>","lineno":1133,"name":"get_code"},{"filename":"<frozen importlib._bootstrap_external>","lineno":1063,"name":"source_to_code"},{"filename":"<frozen importlib._bootstrap>","lineno":488,"name":"_call_with_frames_removed"}]}]}
{"timestamp":"2026-10-02T19:27:50.185658","level":"info","event":"Filling up the DagBag from /opt/airflow/dags/user_processing.py","logger":"airflow.models.dagbag.DagBag"}
{"timestamp":"2026-10-02T19:27:50.199972","level":"error","event":"Failed to import: /opt/airflow/dags/user_processing.py","logger":"airflow.models.dagbag.DagBag","error_detail":[{"exc_type":"SyntaxError","exc_value":"invalid syntax. Perhaps you forgot a comma? (user_processing.py, line 13)","exc_notes":[],"syntax_error":{"offset":13,"filename":"/opt/airflow/dags/user_processing.py","line":"        sql=\"\"\"\n","lineno":13,"msg":"invalid syntax. Perhaps you forgot a comma?"},"is_cause":false,"frames":[{"filename":"/home/airflow/.local/lib/python3.12/site-packages/airflow/models/dagbag.py","lineno":384,"name":"parse"},{"filename":"<frozen importlib._bootstrap_external>","lineno":995,"name":"exec_module"},{"filename":"<frozen importlib._bootstrap_external>","lineno":1133,"name":"get_code"},{"filename":"<frozen importlib._bootstrap_external>","lineno":1063,"name":"source_to_code"},{"filename":"<frozen importlib._bootstrap>","lineno":488,"name":"_call_with_frames_removed"}]}]}
{"timestamp":"2026-10-02T19:27:51.268886","level":"info","event":"Filling up the DagBag from /opt/airflow/dags/user_processing.py","logger":"airflow.models.dagbag.DagBag"}
{"timestamp":"2026-10-02T19:27:51.280298","level":"error","event":"Failed to import: /opt/airflow/dags/user_processing.py","logger":"airflow.models.dagbag.DagBag","error_detail":[{"exc_type":"SyntaxError","exc_value":"invalid syntax. Perhaps you forgot a comma? (user_processing.py, line 13)","exc_notes":[],"syntax_error":{"offset":13,"filename":"/opt/airflow/dags/user_processing.py","line":"        sql=\"\"\"\n","lineno":13,"msg":"invalid syntax. Perhaps you forgot a comma?"},"is_cause":false,"frames":[{"filename":"/home/airflow/.local/lib/python3.12/site-packages/airflow/models/dagbag.py","lineno":384,"name":"parse"},{"filename":"<frozen importlib._bootstrap_external>","lineno":995,"name":"exec_module"},{"filename":"<frozen importlib._bootstrap_external>","lineno":1133,"name":"get_code"},{"filename":"<frozen importlib._bootstrap_external>","lineno":1063,"name":"source_to_code"},{"filename":"<frozen importlib._bootstrap>","lineno":488,"name":"_call_with_frames_removed"}]}]}
{"timestamp":"2026-10-02T19:27:53.357396","level":"info","event":"Filling up the DagBag from /opt/airflow/dags/user_processing.py","logger":"airflow.models.dagbag.DagBag"}
{"timestamp":"2026-10-02T19:27:53.373847","level":"error","event":"Failed to import: /opt/airflow/dags/user_processing.py","logger":"airflow.models.dagbag.DagBag","error_detail":[{"exc_type":"SyntaxError","exc_value":"invalid syntax. Perhaps you forgot a comma? (user_processing.py, line 13)","exc_notes":[],"syntax_error":{"offset":13,"filename":"/opt/airflow/dags/user_processing.py","line":"        sql=\"\"\"\n","lineno":13,"msg":"invalid syntax. Perhaps you forgot a comma?"},"is_cause":false,"frames":[{"filename":"/home/airflow/.local/lib/python3.12/site-packages/airflow/models/dagbag.py","lineno":384,"name":"parse"},{"filename":"<frozen importlib._bootstrap_external>","lineno":995,"name":"exec_module"},{"filename":"<frozen importlib._bootstrap_external>","lineno":1133,"name":"get_code"},{"filename":"<frozen importlib._bootstrap_external>","lineno":1063,"name":"source_to_code"},{"filename":"<frozen importlib._bootstrap>","lineno":488,"name":"_call_with_frames_removed"}]}]}
{"timestamp":"2026-10-02T19:27:55.452423","level":"info","event":"Filling up the DagBag from /opt/airflow/dags/user_processing.py","logger":"airflow.models.dagbag.DagBag"}
{"timestamp":"2026-10-02T19:27:55.469853","level":"error","event":"Failed to import: /opt/airflow/dags/user_processing.py","logger":"airflow.models.dagbag.DagBag","error_detail":[{"exc_type":"SyntaxError","exc_value":"invalid syntax. Perhaps you forgot a comma? (user_processing.py, line 13)","exc_notes":[],"syntax_error":{"offset":13,"filename":"/opt/airflow/dags/user_processing.py","line":"        sql=\"\"\"\n","lineno":13,"msg":"invalid syntax. Perhaps you forgot a comma?"},"is_cause":false,"frames":[{"filename":"/home/airflow/.local/lib/python3.12/site-packages/airflow/models/dagbag.py","lineno":384,"name":"parse"},{"filename":"<frozen importlib._bootstrap_external>","lineno":995,"name":"exec_module"},{"filename":"<frozen importlib._bootstrap_external>","lineno":1133,"name":"get_code"},{"filename":"<frozen importlib._bootstrap_external>","lineno":1063,"name":"source_to_code"},{"filename":"<frozen importlib._bootstrap>","lineno":488,"name":"_call_with_frames_removed"}]}]}
{"timestamp":"2026-10-02T19:28:00.575915","level":"info","event":"Filling up the DagBag from /opt/airflow/dags/user_processing.py","logger":"airflow.models.dagbag.DagBag"}
{"timestamp":"2026-10-02T19:28:00.589527","level":"error","event":"Failed to import: /opt/airflow/dags/user_processing.py","logger":"airflow.models.dagbag.DagBag","error_detail":[{"exc_type":"SyntaxError","exc_value":"invalid syntax. Perhaps you forgot a comma? (user_processing.py, line 13)","exc_notes":[],"syntax_error":{"offset":13,"filename":"/opt/airflow/dags/user_processing.py","line":"        sql=\"\"\"\n","lineno":13,"msg":"invalid syntax. Perhaps you forgot a comma?"},"is_cause":false,"frames":[{"filename":"/home/airflow/.local/lib/python3.12/site-packages/airflow/models/dagbag.py","lineno":384,"name":"parse"},{"filename":"<frozen importlib._bootstrap_external>","lineno":995,"name":"exec_module"},{"filename":"<frozen importlib._bootstrap_external>","lineno":1133,"name":"get_code"},{"filename":"<frozen importlib._bootstrap_external>","lineno":1063,"name":"source_to_code"},{"filename":"<frozen importlib._bootstrap>","lineno":488,"name":"_call_with_frames_removed"}]}]}
{"timestamp":"2026-10-02T19:28:04.677370","level":"info","event":"Filling up the DagBag from /opt/airflow/dags/user_processing.py","logger":"airflow.models.dagbag.DagBag"}
{"timestamp":"2026-10-02T19:28:04.692288","level":"error","event":"Failed to import: /opt/airflow/dags/user_processing.py","logger":"airflow.models.dagbag.DagBag","error_detail":[{"exc_type":"SyntaxError","exc_value":"invalid syntax (user_processing.py, line 24)","exc_notes":[],"syntax_error":{"offset":9,"filename":"/opt/airflow/dags/user_processing.py","line":"        def \n","lineno":24,"msg":"invalid syntax"},"is_cause":false,"frames":[{"filename":"/home/airflow/.local/lib/python3.12/site-packages/airflow/models/dagbag.py","lineno":384,"name":"parse"},{"filename":"<frozen importlib._bootstrap_external>","lineno":995,"name":"exec_module"},{"filename":"<frozen importlib._bootstrap_external>","lineno":1133,"name":"get_code"},{"filename":"<frozen importlib._bootstrap_external>","lineno":1063,"name":"source_to_code"},{"filename":"<frozen importlib._bootstrap>","lineno":488,"name":"_call_with_frames_removed"}]}]}
{"timestamp":"2026-10-02T19:28:10.799223","level":"info","event":"Filling up the DagBag from /opt/airflow/dags/user_processing.py","logger":"airflow.models.dagbag.DagBag"}
{"timestamp":"2026-10-02T19:28:10.817264","level":"error","event":"Failed to import: /opt/airflow/dags/user_processing.py","logger":"airflow.models.dagbag.DagBag","error_detail":[{"exc_type":"SyntaxError","exc_value":"invalid syntax (user_processing.py, line 24)","exc_notes":[],"syntax_error":{"offset":9,"filename":"/opt/airflow/dags/user_processing.py","line":"        def is_api_a\n","lineno":24,"msg":"invalid syntax"},"is_cause":false,"frames":[{"filename":"/home/airflow/.local/lib/python3.12/site-packages/airflow/models/dagbag.py","lineno":384,"name":"parse"},{"filename":"<frozen importlib._bootstrap_external>","lineno":995,"name":"exec_module"},{"filename":"<frozen importlib._bootstrap_external>","lineno":1133,"name":"get_code"},{"filename":"<frozen importlib._bootstrap_external>","lineno":1063,"name":"source_to_code"},{"filename":"<frozen importlib._bootstrap>","lineno":488,"name":"_call_with_frames_removed"}]}]}
{"timestamp":"2026-10-02T19:28:12.922659","level":"info","event":"Filling up the DagBag from /opt/airflow/dags/user_processing.py","logger":"airflow.models.dagbag.DagBag"}
{"timestamp":"2026-10-02T19:28:12.940389","level":"error","event":"Failed to import: /opt/airflow/dags/user_processing.py","logger":"airflow.models.dagbag.DagBag","error_detail":[{"exc_type":"SyntaxError","exc_value":"invalid syntax (user_processing.py, line 24)","exc_notes":[],"syntax_error":{"offset":9,"filename":"/opt/airflow/dags/user_processing.py","line":"        def is_api_avai\n","lineno":24,"msg":"invalid syntax"},"is_cause":false,"frames":[{"filename":"/home/airflow/.local/lib/python3.12/site-packages/airflow/models/dagbag.py","lineno":384,"name":"parse"},{"filename":"<frozen importlib._bootstrap_external>","lineno":995,"name":"exec_module"},{"filename":"<frozen importlib._bootstrap_external>","lineno":1133,"name":"get_code"},{"filename":"<frozen importlib._bootstrap_external>","lineno":1063,"name":"source_to_code"},{"filename":"<frozen importlib._bootstrap>","lineno":488,"name":"_call_with_frames_removed"}]}]}
{"timestamp":"2026-10-02T19:28:15.021915","level":"info","event":"Filling up the DagBag from /opt/airflow/dags/user_processing.py","logger":"airflow.models.dagbag.DagBag"}
{"timestamp":"2026-10-02T19:28:15.039452","level":"error","event":"Failed to import: /opt/airflow/dags/user_processing.py","logger":"airflow.models.dagbag.DagBag","error_detail":[{"exc_type":"SyntaxError","exc_value":"invalid syntax (user_processing.py, line 24)","exc_notes":[],"syntax_error":{"offset":9,"filename":"/opt/airflow/dags/user_processing.py","line":"        def is_api_available()\n","lineno":24,"msg":"invalid syntax"},"is_cause":false,"frames":[{"filename":"/home/airflow/.local/lib/python3.12/site-packages/airflow/models/dagbag.py","lineno":384,"name":"parse"},{"filename":"<frozen importlib._bootstrap_external>","lineno":995,"name":"exec_module"},{"filename":"<frozen importlib._bootstrap_external>","lineno":1133,"name":"get_code"},{"filename":"<frozen importlib._bootstrap_external>","lineno":1063,"name":"source_to_code"},{"filename":"<frozen importlib._bootstrap>","lineno":488,"name":"_call_with_frames_removed"}]}]}
{"timestamp":"2026-10-02T19:28:18.118448","level":"info","event":"Filling up the DagBag from /opt/airflow/dags/user_processing.py","logger":"airflow.models.dagbag.DagBag"}
{"timestamp":"2026-10-02T19:28:18.138454","level":"error","event":"Failed to import: /opt/airflow/dags/user_processing.py","logger":"airflow.models.dagbag.DagBag","error_detail":[{"exc_type":"SyntaxError","exc_value":"invalid syntax (user_processing.py, line 24)","exc_notes":[],"syntax_error":{"offset":9,"filename":"/opt/airflow/dags/user_processing.py","line":"        def is_api_available():\n","lineno":24,"msg":"invalid syntax"},"is_cause":false,"frames":[{"filename":"/home/airflow/.local/lib/python3.12/site-packages/airflow/models/dagbag.py","lineno":384,"name":"parse"},{"filename":"<frozen importlib._bootstrap_external>","lineno":995,"name":"exec_module"},{"filename":"<frozen importlib._bootstrap_external>","lineno":1133,"name":"get_code"},{"filename":"<frozen importlib._bootstrap_external>","lineno":1063,"name":"source_to_code"},{"filename":"<frozen importlib._bootstrap>","lineno":488,"name":"_call_with_frames_removed"}]}]}
{"timestamp":"2026-10-02T19:28:48.436241","level":"info","event":"Filling up the DagBag from /opt/airflow/dags/user_processing.py","logger":"airflow.models.dagbag.DagBag"}
{"timestamp":"2026-10-02T19:28:48.447487","level":"error","event":"Failed to import: /opt/airflow/dags/user_processing.py","logger":"airflow.models.dagbag.DagBag","error_detail":[{"exc_type":"SyntaxError","exc_value":"invalid syntax (user_processing.py, line 24)","exc_notes":[],"syntax_error":{"offset":9,"filename":"/opt/airflow/dags/user_processing.py","line":"        def is_api_available():\n","lineno":24,"msg":"invalid syntax"},"is_cause":false,"frames":[{"filename":"/home/airflow/.local/lib/python3.12/site-packages/airflow/models/dagbag.py","lineno":384,"name":"parse"},{"filename":"<frozen importlib._bootstrap_external>","lineno":995,"name":"exec_module"},{"filename":"<frozen importlib._bootstrap_external>","lineno":1133,"name":"get_code"},{"filename":"<frozen importlib._bootstrap_external>","lineno":1063,"name":"source_to_code"},{"filename":"<frozen importlib._bootstrap>","lineno":488,"name":"_call_with_frames_removed"}]}]}
{"timestamp":"2026-10-02T19:28:57.566592","level":"info","event":"Filling up the DagBag from /opt/airflow/dags/user_processing.py","logger":"airflow.models.dagbag.DagBag"}
{"timestamp":"2026-10-02T19:28:57.583786","level":"error","event":"Failed to import: /opt/airflow/dags/user_processing.py","logger":"airflow.models.dagbag.DagBag","error_detail":[{"exc_type":"SyntaxError","exc_value":"invalid syntax (user_processing.py, line 24)","exc_notes":[],"syntax_error":{"offset":9,"filename":"/opt/airflow/dags/user_processing.py","line":"        def is_api_available() -:\n","lineno":24,"msg":"invalid syntax"},"is_cause":false,"frames":[{"filename":"/home/airflow/.local/lib/python3.12/site-packages/airflow/models/dagbag.py","lineno":384,"name":"parse"},{"filename":"<frozen importlib._bootstrap_external>","lineno":995,"name":"exec_module"},{"filename":"<frozen importlib._bootstrap_external>","lineno":1133,"name":"get_code"},{"filename":"<frozen importlib._bootstrap_external>","lineno":1063,"name":"source_to_code"},{"filename":"<frozen importlib._bootstrap>","lineno":488,"name":"_call_with_frames_removed"}]}]}
{"timestamp":"2026-10-02T19:29:00.677222","level":"info","event":"Filling up the DagBag from /opt/airflow/dags/user_processing.py","logger":"airflow.models.dagbag.DagBag"}
{"timestamp":"2026-10-02T19:29:00.696129","level":"error","event":"Failed to import: /opt/airflow/dags/user_processing.py","logger":"airflow.models.dagbag.DagBag","error_detail":[{"exc_type":"SyntaxError","exc_value":"invalid syntax (user_processing.py, line 24)","exc_notes":[],"syntax_error":{"offset":9,"filename":"/opt/airflow/dags/user_processing.py","line":"        def is_api_available() -> PokeReturnValue:\n","lineno":24,"msg":"invalid syntax"},"is_cause":false,"frames":[{"filename":"/home/airflow/.local/lib/python3.12/site-packages/airflow/models/dagbag.py","lineno":384,"name":"parse"},{"filename":"<frozen importlib._bootstrap_external>","lineno":995,"name":"exec_module"},{"filename":"<frozen importlib._bootstrap_external>","lineno":1133,"name":"get_code"},{"filename":"<frozen importlib._bootstrap_external>","lineno":1063,"name":"source_to_code"},{"filename":"<frozen importlib._bootstrap>","lineno":488,"name":"_call_with_frames_removed"}]}]}
{"timestamp":"2026-10-02T19:29:03.777592","level":"info","event":"Filling up the DagBag from /opt/airflow/dags/user_processing.py","logger":"airflow.models.dagbag.DagBag"}
{"timestamp":"2026-10-02T19:29:03.793154","level":"error","event":"Failed to import: /opt/airflow/dags/user_processing.py","logger":"airflow.models.dagbag.DagBag","error_detail":[{"exc_type":"SyntaxError","exc_value":"invalid syntax (user_processing.py, line 24)","exc_notes":[],"syntax_error":{"offset":9,"filename":"/opt/airflow/dags/user_processing.py","line":"        def is_api_available() -> PokeReturnValue:\n","lineno":24,"msg":"invalid syntax"},"is_cause":false,"frames":[{"filename":"/home/airflow/.local/lib/python3.12/site-packages/airflow/models/dagbag.py","lineno":384,"name":"parse"},{"filename":"<frozen importlib._bootstrap_external>","lineno":995,"name":"exec_module"},{"filename":"<frozen importlib._bootstrap_external>","lineno":1133,"name":"get_code"},{"filename":"<frozen importlib._bootstrap_external>","lineno":1063,"name":"source_to_code"},{"filename":"<frozen importlib._bootstrap>","lineno":488,"name":"_call_with_frames_removed"}]}]}
{"timestamp":"2026-10-02T19:29:08.887866","level":"info","event":"Filling up the DagBag from /opt/airflow/dags/user_processing.py","logger":"airflow.models.dagbag.DagBag"}
{"timestamp":"2026-10-02T19:29:08.897881","level":"error","event":"Failed to import: /opt/airflow/dags/user_processing.py","logger":"airflow.models.dagbag.DagBag","error_detail":[{"exc_type":"SyntaxError","exc_value":"invalid syntax (user_processing.py, line 24)","exc_notes":[],"syntax_error":{"offset":9,"filename":"/opt/airflow/dags/user_processing.py","line":"        def is_api_available() -> PokeReturnValue :\n","lineno":24,"msg":"invalid syntax"},"is_cause":false,"frames":[{"filename":"/home/airflow/.local/lib/python3.12/site-packages/airflow/models/dagbag.py","lineno":384,"name":"parse"},{"filename":"<frozen importlib._bootstrap_external>","lineno":995,"name":"exec_module"},{"filename":"<frozen importlib._bootstrap_external>","lineno":1133,"name":"get_code"},{"filename":"<frozen importlib._bootstrap_external>","lineno":1063,"name":"source_to_code"},{"filename":"<frozen importlib._bootstrap>","lineno":488,"name":"_call_with_frames_removed"}]}]}
{"timestamp":"2026-10-02T19:29:10.968732","level":"info","event":"Filling up the DagBag from /opt/airflow/dags/user_processing.py","logger":"airflow.models.dagbag.DagBag"}
{"timestamp":"2026-10-02T19:29:10.982091","level":"error","event":"Failed to import: /opt/airflow/dags/user_processing.py","logger":"airflow.models.dagbag.DagBag","error_detail":[{"exc_type":"SyntaxError","exc_value":"invalid syntax (user_processing.py, line 24)","exc_notes":[],"syntax_error":{"offset":9,"filename":"/opt/airflow/dags/user_processing.py","line":"        def is_api_available() -> PokeReturnValue :\n","lineno":24,"msg":"invalid syntax"},"is_cause":false,"frames":[{"filename":"/home/airflow/.local/lib/python3.12/site-packages/airflow/models/dagbag.py","lineno":384,"name":"parse"},{"filename":"<frozen importlib._bootstrap_external>","lineno":995,"name":"exec_module"},{"filename":"<frozen importlib._bootstrap_external>","lineno":1133,"name":"get_code"},{"filename":"<frozen importlib._bootstrap_external>","lineno":1063,"name":"source_to_code"},{"filename":"<frozen importlib._bootstrap>","lineno":488,"name":"_call_with_frames_removed"}]}]}
{"timestamp":"2026-10-02T19:29:20.110768","level":"info","event":"Filling up the DagBag from /opt/airflow/dags/user_processing.py","logger":"airflow.models.dagbag.DagBag"}
{"timestamp":"2026-10-02T19:29:20.141960","level":"error","event":"Failed to import: /opt/airflow/dags/user_processing.py","logger":"airflow.models.dagbag.DagBag","error_detail":[{"exc_type":"SyntaxError","exc_value":"invalid syntax (user_processing.py, line 24)","exc_notes":[],"syntax_error":{"offset":9,"filename":"/opt/airflow/dags/user_processing.py","line":"        def is_api_available() -> PokeReturnValue :\n","lineno":24,"msg":"invalid syntax"},"is_cause":false,"frames":[{"filename":"/home/airflow/.local/lib/python3.12/site-packages/airflow/models/dagbag.py","lineno":384,"name":"parse"},{"filename":"<frozen importlib._bootstrap_external>","lineno":995,"name":"exec_module"},{"filename":"<frozen importlib._bootstrap_external>","lineno":1133,"name":"get_code"},{"filename":"<frozen importlib._bootstrap_external>","lineno":1063,"name":"source_to_code"},{"filename":"<frozen importlib._bootstrap>","lineno":488,"name":"_call_with_frames_removed"}]}]}
{"timestamp":"2026-10-02T19:29:21.220063","level":"info","event":"Filling up the DagBag from /opt/airflow/dags/user_processing.py","logger":"airflow.models.dagbag.DagBag"}
{"timestamp":"2026-10-02T19:29:21.235110","level":"error","event":"Failed to import: /opt/airflow/dags/user_processing.py","logger":"airflow.models.dagbag.DagBag","error_detail":[{"exc_type":"SyntaxError","exc_value":"invalid syntax (user_processing.py, line 24)","exc_notes":[],"syntax_error":{"offset":9,"filename":"/opt/airflow/dags/user_processing.py","line":"        def is_api_available() -> PokeReturnValue :\n","lineno":24,"msg":"invalid syntax"},"is_cause":false,"frames":[{"filename":"/home/airflow/.local/lib/python3.12/site-packages/airflow/models/dagbag.py","lineno":384,"name":"parse"},{"filename":"<frozen importlib._bootstrap_external>","lineno":995,"name":"exec_module"},{"filename":"<frozen importlib._bootstrap_external>","lineno":1133,"name":"get_code"},{"filename":"<frozen importlib._bootstrap_external>","lineno":1063,"name":"source_to_code"},{"filename":"<frozen importlib._bootstrap>","lineno":488,"name":"_call_with_frames_removed"}]}]}
{"timestamp":"2026-10-02T19:29:25.319369","level":"info","event":"Filling up the DagBag from /opt/airflow/dags/user_processing.py","logger":"airflow.models.dagbag.DagBag"}
{"timestamp":"2026-10-02T19:29:25.333480","level":"error","event":"Failed to import: /opt/airflow/dags/user_processing.py","logger":"airflow.models.dagbag.DagBag","error_detail":[{"exc_type":"SyntaxError","exc_value":"invalid syntax (user_processing.py, line 24)","exc_notes":[],"syntax_error":{"offset":9,"filename":"/opt/airflow/dags/user_processing.py","line":"        def is_api_available() -> PokeReturnValue :\n","lineno":24,"msg":"invalid syntax"},"is_cause":false,"frames":[{"filename":"/home/airflow/.local/lib/python3.12/site-packages/airflow/models/dagbag.py","lineno":384,"name":"parse"},{"filename":"<frozen importlib._bootstrap_external>","lineno":995,"name":"exec_module"},{"filename":"<frozen importlib._bootstrap_external>","lineno":1133,"name":"get_code"},{"filename":"<frozen importlib._bootstrap_external>","lineno":1063,"name":"source_to_code"},{"filename":"<frozen importlib._bootstrap>","lineno":488,"name":"_call_with_frames_removed"}]}]}
{"timestamp":"2026-10-02T19:29:29.446590","level":"info","event":"Filling up the DagBag from /opt/airflow/dags/user_processing.py","logger":"airflow.models.dagbag.DagBag"}
{"timestamp":"2026-10-02T19:29:29.466627","level":"error","event":"Failed to import: /opt/airflow/dags/user_processing.py","logger":"airflow.models.dagbag.DagBag","error_detail":[{"exc_type":"SyntaxError","exc_value":"invalid syntax (user_processing.py, line 24)","exc_notes":[],"syntax_error":{"offset":9,"filename":"/opt/airflow/dags/user_processing.py","line":"        def is_api_available() -> PokeReturnValue :\n","lineno":24,"msg":"invalid syntax"},"is_cause":false,"frames":[{"filename":"/home/airflow/.local/lib/python3.12/site-packages/airflow/models/dagbag.py","lineno":384,"name":"parse"},{"filename":"<frozen importlib._bootstrap_external>","lineno":995,"name":"exec_module"},{"filename":"<frozen importlib._bootstrap_external>","lineno":1133,"name":"get_code"},{"filename":"<frozen importlib._bootstrap_external>","lineno":1063,"name":"source_to_code"},{"filename":"<frozen importlib._bootstrap>","lineno":488,"name":"_call_with_frames_removed"}]}]}
{"timestamp":"2026-10-02T19:29:34.567906","level":"info","event":"Filling up the DagBag from /opt/airflow/dags/user_processing.py","logger":"airflow.models.dagbag.DagBag"}
{"timestamp":"2026-10-02T19:29:34.582526","level":"error","event":"Failed to import: /opt/airflow/dags/user_processing.py","logger":"airflow.models.dagbag.DagBag","error_detail":[{"exc_type":"SyntaxError","exc_value":"invalid syntax (user_processing.py, line 24)","exc_notes":[],"syntax_error":{"offset":9,"filename":"/opt/airflow/dags/user_processing.py","line":"        def is_api_available() -> PokeReturnValue :\n","lineno":24,"msg":"invalid syntax"},"is_cause":false,"frames":[{"filename":"/home/airflow/.local/lib/python3.12/site-packages/airflow/models/dagbag.py","lineno":384,"name":"parse"},{"filename":"<frozen importlib._bootstrap_external>","lineno":995,"name":"exec_module"},{"filename":"<frozen importlib._bootstrap_external>","lineno":1133,"name":"get_code"},{"filename":"<frozen importlib._bootstrap_external>","lineno":1063,"name":"source_to_code"},{"filename":"<frozen importlib._bootstrap>","lineno":488,"name":"_call_with_frames_removed"}]}]}
{"timestamp":"2026-10-02T19:29:39.679887","level":"info","event":"Filling up the DagBag from /opt/airflow/dags/user_processing.py","logger":"airflow.models.dagbag.DagBag"}
{"timestamp":"2026-10-02T19:29:39.693770","level":"error","event":"Failed to import: /opt/airflow/dags/user_processing.py","logger":"airflow.models.dagbag.DagBag","error_detail":[{"exc_type":"SyntaxError","exc_value":"invalid syntax (user_processing.py, line 24)","exc_notes":[],"syntax_error":{"offset":9,"filename":"/opt/airflow/dags/user_processing.py","line":"        def is_api_available() -> PokeReturnValue :\n","lineno":24,"msg":"invalid syntax"},"is_cause":false,"frames":[{"filename":"/home/airflow/.local/lib/python3.12/site-packages/airflow/models/dagbag.py","lineno":384,"name":"parse"},{"filename":"<frozen importlib._bootstrap_external>","lineno":995,"name":"exec_module"},{"filename":"<frozen importlib._bootstrap_external>","lineno":1133,"name":"get_code"},{"filename":"<frozen importlib._bootstrap_external>","lineno":1063,"name":"source_to_code"},{"filename":"<frozen importlib._bootstrap>","lineno":488,"name":"_call_with_frames_removed"}]}]}
{"timestamp":"2026-10-02T19:29:41.781318","level":"info","event":"Filling up the DagBag from /opt/airflow/dags/user_processing.py","logger":"airflow.models.dagbag.DagBag"}
{"timestamp":"2026-10-02T19:29:41.800232","level":"error","event":"Failed to import: /opt/airflow/dags/user_processing.py","logger":"airflow.models.dagbag.DagBag","error_detail":[{"exc_type":"SyntaxError","exc_value":"invalid syntax (user_processing.py, line 24)","exc_notes":[],"syntax_error":{"offset":9,"filename":"/opt/airflow/dags/user_processing.py","line":"        def is_api_available() -> PokeReturnValue :\n","lineno":24,"msg":"invalid syntax"},"is_cause":false,"frames":[{"filename":"/home/airflow/.local/lib/python3.12/site-packages/airflow/models/dagbag.py","lineno":384,"name":"parse"},{"filename":"<frozen importlib._bootstrap_external>","lineno":995,"name":"exec_module"},{"filename":"<frozen importlib._bootstrap_external>","lineno":1133,"name":"get_code"},{"filename":"<frozen importlib._bootstrap_external>","lineno":1063,"name":"source_to_code"},{"filename":"<frozen importlib._bootstrap>","lineno":488,"name":"_call_with_frames_removed"}]}]}
{"timestamp":"2026-10-02T19:29:45.903992","level":"info","event":"Filling up the DagBag from /opt/airflow/dags/user_processing.py","logger":"airflow.models.dagbag.DagBag"}
{"timestamp":"2026-10-02T19:29:45.919621","level":"error","event":"Failed to import: /opt/airflow/dags/user_processing.py","logger":"airflow.models.dagbag.DagBag","error_detail":[{"exc_type":"SyntaxError","exc_value":"invalid syntax (user_processing.py, line 24)","exc_notes":[],"syntax_error":{"offset":9,"filename":"/opt/airflow/dags/user_processing.py","line":"        def is_api_available() -> PokeReturnValue :\n","lineno":24,"msg":"invalid syntax"},"is_cause":false,"frames":[{"filename":"/home/airflow/.local/lib/python3.12/site-packages/airflow/models/dagbag.py","lineno":384,"name":"parse"},{"filename":"<frozen importlib._bootstrap_external>","lineno":995,"name":"exec_module"},{"filename":"<frozen importlib._bootstrap_external>","lineno":1133,"name":"get_code"},{"filename":"<frozen importlib._bootstrap_external>","lineno":1063,"name":"source_to_code"},{"filename":"<frozen importlib._bootstrap>","lineno":488,"name":"_call_with_frames_removed"}]}]}
{"timestamp":"2026-10-02T19:29:50.013636","level":"info","event":"Filling up the DagBag from /opt/airflow/dags/user_processing.py","logger":"airflow.models.dagbag.DagBag"}
{"timestamp":"2026-10-02T19:29:50.027150","level":"error","event":"Failed to import: /opt/airflow/dags/user_processing.py","logger":"airflow.models.dagbag.DagBag","error_detail":[{"exc_type":"SyntaxError","exc_value":"invalid syntax (user_processing.py, line 24)","exc_notes":[],"syntax_error":{"offset":9,"filename":"/opt/airflow/dags/user_processing.py","line":"        def is_api_available() -> PokeReturnValue :\n","lineno":24,"msg":"invalid syntax"},"is_cause":false,"frames":[{"filename":"/home/airflow/.local/lib/python3.12/site-packages/airflow/models/dagbag.py","lineno":384,"name":"parse"},{"filename":"<frozen importlib._bootstrap_external>","lineno":995,"name":"exec_module"},{"filename":"<frozen importlib._bootstrap_external>","lineno":1133,"name":"get_code"},{"filename":"<frozen importlib._bootstrap_external>","lineno":1063,"name":"source_to_code"},{"filename":"<frozen importlib._bootstrap>","lineno":488,"name":"_call_with_frames_removed"}]}]}
{"timestamp":"2026-10-02T19:29:51.092185","level":"info","event":"Filling up the DagBag from /opt/airflow/dags/user_processing.py","logger":"airflow.models.dagbag.DagBag"}
{"timestamp":"2026-10-02T19:29:51.110354","level":"error","event":"Failed to import: /opt/airflow/dags/user_processing.py","logger":"airflow.models.dagbag.DagBag","error_detail":[{"exc_type":"SyntaxError","exc_value":"invalid syntax (user_processing.py, line 24)","exc_notes":[],"syntax_error":{"offset":9,"filename":"/opt/airflow/dags/user_processing.py","line":"        def is_api_available() -> PokeReturnValue :\n","lineno":24,"msg":"invalid syntax"},"is_cause":false,"frames":[{"filename":"/home/airflow/.local/lib/python3.12/site-packages/airflow/models/dagbag.py","lineno":384,"name":"parse"},{"filename":"<frozen importlib._bootstrap_external>","lineno":995,"name":"exec_module"},{"filename":"<frozen importlib._bootstrap_external>","lineno":1133,"name":"get_code"},{"filename":"<frozen importlib._bootstrap_external>","lineno":1063,"name":"source_to_code"},{"filename":"<frozen importlib._bootstrap>","lineno":488,"name":"_call_with_frames_removed"}]}]}
{"timestamp":"2026-10-02T19:29:57.217159","level":"info","event":"Filling up the DagBag from /opt/airflow/dags/user_processing.py","logger":"airflow.models.dagbag.DagBag"}
{"timestamp":"2026-10-02T19:29:57.231558","level":"error","event":"Failed to import: /opt/airflow/dags/user_processing.py","logger":"airflow.models.dagbag.DagBag","error_detail":[{"exc_type":"SyntaxError","exc_value":"invalid syntax (user_processing.py, line 23)","exc_notes":[],"syntax_error":{"offset":9,"filename":"/opt/airflow/dags/user_processing.py","line":"        def is_api_available() -> PokeReturnValue :\n","lineno":23,"msg":"invalid syntax"},"is_cause":false,"frames":[{"filename":"/home/airflow/.local/lib/python3.12/site-packages/airflow/models/dagbag.py","lineno":384,"name":"parse"},{"filename":"<frozen importlib._bootstrap_external>","lineno":995,"name":"exec_module"},{"filename":"<frozen importlib._bootstrap_external>","lineno":1133,"name":"get_code"},{"filename":"<frozen importlib._bootstrap_external>","lineno":1063,"name":"source_to_code"},{"filename":"<frozen importlib._bootstrap>","lineno":488,"name":"_call_with_frames_removed"}]}]}
{"timestamp":"2026-10-02T19:30:00.318804","level":"info","event":"Filling up the DagBag from /opt/airflow/dags/user_processing.py","logger":"airflow.models.dagbag.DagBag"}
{"timestamp":"2026-10-02T19:30:00.334110","level":"error","event":"Failed to import: /opt/airflow/dags/user_processing.py","logger":"airflow.models.dagbag.DagBag","error_detail":[{"exc_type":"SyntaxError","exc_value":"invalid syntax (user_processing.py, line 23)","exc_notes":[],"syntax_error":{"offset":9,"filename":"/opt/airflow/dags/user_processing.py","line":"        def is_api_available() -> PokeReturnValue :\n","lineno":23,"msg":"invalid syntax"},"is_cause":false,"frames":[{"filename":"/home/airflow/.local/lib/python3.12/site-packages/airflow/models/dagbag.py","lineno":384,"name":"parse"},{"filename":"<frozen importlib._bootstrap_external>","lineno":995,"name":"exec_module"},{"filename":"<frozen importlib._bootstrap_external>","lineno":1133,"name":"get_code"},{"filename":"<frozen importlib._bootstrap_external>","lineno":1063,"name":"source_to_code"},{"filename":"<frozen importlib._bootstrap>","lineno":488,"name":"_call_with_frames_removed"}]}]}
{"timestamp":"2026-10-02T19:30:09.467410","level":"info","event":"Filling up the DagBag from /opt/airflow/dags/user_processing.py","logger":"airflow.models.dagbag.DagBag"}
{"timestamp":"2026-10-02T19:30:09.483531","level":"error","event":"Failed to import: /opt/airflow/dags/user_processing.py","logger":"airflow.models.dagbag.DagBag","error_detail":[{"exc_type":"SyntaxError","exc_value":"invalid syntax (user_processing.py, line 23)","exc_notes":[],"syntax_error":{"offset":9,"filename":"/opt/airflow/dags/user_processing.py","line":"        def is_api_available() -> PokeReturnValue :\n","lineno":23,"msg":"invalid syntax"},"is_cause":false,"frames":[{"filename":"/home/airflow/.local/lib/python3.12/site-packages/airflow/models/dagbag.py","lineno":384,"name":"parse"},{"filename":"<frozen importlib._bootstrap_external>","lineno":995,"name":"exec_module"},{"filename":"<frozen importlib._bootstrap_external>","lineno":1133,"name":"get_code"},{"filename":"<frozen importlib._bootstrap_external>","lineno":1063,"name":"source_to_code"},{"filename":"<frozen importlib._bootstrap>","lineno":488,"name":"_call_with_frames_removed"}]}]}
{"timestamp":"2026-10-02T19:30:15.594695","level":"info","event":"Filling up the DagBag from /opt/airflow/dags/user_processing.py","logger":"airflow.models.dagbag.DagBag"}
{"timestamp":"2026-10-02T19:30:15.616397","level":"error","event":"Failed to import: /opt/airflow/dags/user_processing.py","logger":"airflow.models.dagbag.DagBag","error_detail":[{"exc_type":"SyntaxError","exc_value":"'(' was never closed (user_processing.py, line 10)","exc_notes":[],"syntax_error":{"offset":41,"filename":"/opt/airflow/dags/user_processing.py","line":"    create_table=SQLExecuteQueryOperator(\n","lineno":10,"msg":"'(' was never closed"},"is_cause":false,"frames":[{"filename":"/home/airflow/.local/lib/python3.12/site-packages/airflow/models/dagbag.py","lineno":384,"name":"parse"},{"filename":"<frozen importlib._bootstrap_external>","lineno":995,"name":"exec_module"},{"filename":"<frozen importlib._bootstrap_external>","lineno":1133,"name":"get_code"},{"filename":"<frozen importlib._bootstrap_external>","lineno":1063,"name":"source_to_code"},{"filename":"<frozen importlib._bootstrap>","lineno":488,"name":"_call_with_frames_removed"}]}]}
{"timestamp":"2026-10-02T19:30:17.689596","level":"info","event":"Filling up the DagBag from /opt/airflow/dags/user_processing.py","logger":"airflow.models.dagbag.DagBag"}
{"timestamp":"2026-10-02T19:30:17.705665","level":"error","event":"Failed to import: /opt/airflow/dags/user_processing.py","logger":"airflow.models.dagbag.DagBag","error_detail":[{"exc_type":"SyntaxError","exc_value":"'(' was never closed (user_processing.py, line 10)","exc_notes":[],"syntax_error":{"offset":41,"filename":"/opt/airflow/dags/user_processing.py","line":"    create_table=SQLExecuteQueryOperator(\n","lineno":10,"msg":"'(' was never closed"},"is_cause":false,"frames":[{"filename":"/home/airflow/.local/lib/python3.12/site-packages/airflow/models/dagbag.py","lineno":384,"name":"parse"},{"filename":"<frozen importlib._bootstrap_external>","lineno":995,"name":"exec_module"},{"filename":"<frozen importlib._bootstrap_external>","lineno":1133,"name":"get_code"},{"filename":"<frozen importlib._bootstrap_external>","lineno":1063,"name":"source_to_code"},{"filename":"<frozen importlib._bootstrap>","lineno":488,"name":"_call_with_frames_removed"}]}]}
{"timestamp":"2026-10-02T19:30:25.841597","level":"info","event":"Filling up the DagBag from /opt/airflow/dags/user_processing.py","logger":"airflow.models.dagbag.DagBag"}
{"timestamp":"2026-10-02T19:30:25.856680","level":"error","event":"Failed to import: /opt/airflow/dags/user_processing.py","logger":"airflow.models.dagbag.DagBag","error_detail":[{"exc_type":"SyntaxError","exc_value":"invalid syntax (user_processing.py, line 23)","exc_notes":[],"syntax_error":{"offset":9,"filename":"/opt/airflow/dags/user_processing.py","line":"        def is_api_available() -> PokeReturnValue :\n","lineno":23,"msg":"invalid syntax"},"is_cause":false,"frames":[{"filename":"/home/airflow/.local/lib/python3.12/site-packages/airflow/models/dagbag.py","lineno":384,"name":"parse"},{"filename":"<frozen importlib._bootstrap_external>","lineno":995,"name":"exec_module"},{"filename":"<frozen importlib._bootstrap_external>","lineno":1133,"name":"get_code"},{"filename":"<frozen importlib._bootstrap_external>","lineno":1063,"name":"source_to_code"},{"filename":"<frozen importlib._bootstrap>","lineno":488,"name":"_call_with_frames_removed"}]}]}
{"timestamp":"2026-10-02T19:30:37.991093","level":"info","event":"Filling up the DagBag from /opt/airflow/dags/user_processing.py","logger":"airflow.models.dagbag.DagBag"}
{"timestamp":"2026-10-02T19:30:38.012809","level":"error","event":"Failed to import: /opt/airflow/dags/user_processing.py","logger":"airflow.models.dagbag.DagBag","error_detail":[{"exc_type":"SyntaxError","exc_value":"invalid syntax (user_processing.py, line 23)","exc_notes":[],"syntax_error":{"offset":9,"filename":"/opt/airflow/dags/user_processing.py","line":"        def is_api_available() -> PokeReturnValue :\n","lineno":23,"msg":"invalid syntax"},"is_cause":false,"frames":[{"filename":"/home/airflow/.local/lib/python3.12/site-packages/airflow/models/dagbag.py","lineno":384,"name":"parse"},{"filename":"<frozen importlib._bootstrap_external>","lineno":995,"name":"exec_module"},{"filename":"<frozen importlib._bootstrap_external>","lineno":1133,"name":"get_code"},{"filename":"<frozen importlib._bootstrap_external>","lineno":1063,"name":"source_to_code"},{"filename":"<frozen importlib._bootstrap>","lineno":488,"name":"_call_with_frames_removed"}]}]}
{"timestamp":"2026-10-02T19:30:40.087634","level":"info","event":"Filling up the DagBag from /opt/airflow/dags/user_processing.py","logger":"airflow.models.dagbag.DagBag"}
{"timestamp":"2026-10-02T19:30:40.102137","level":"error","event":"Failed to import: /opt/airflow/dags/user_processing.py","logger":"airflow.models.dagbag.DagBag","error_detail":[{"exc_type":"SyntaxError","exc_value":"invalid syntax (user_processing.py, line 23)","exc_notes":[],"syntax_error":{"offset":9,"filename":"/opt/airflow/dags/user_processing.py","line":"        def is_api_available() -> PokeReturnValue :\n","lineno":23,"msg":"invalid syntax"},"is_cause":false,"frames":[{"filename":"/home/airflow/.local/lib/python3.12/site-packages/airflow/models/dagbag.py","lineno":384,"name":"parse"},{"filename":"<frozen importlib._bootstrap_external>","lineno":995,"name":"exec_module"},{"filename":"<frozen importlib._bootstrap_external>","lineno":1133,"name":"get_code"},{"filename":"<frozen importlib._bootstrap_external>","lineno":1063,"name":"source_to_code"},{"filename":"<frozen importlib._bootstrap>","lineno":488,"name":"_call_with_frames_removed"}]}]}
{"timestamp":"2026-10-02T19:30:49.221783","level":"info","event":"Filling up the DagBag from /opt/airflow/dags/user_processing.py","logger":"airflow.models.dagbag.DagBag"}
{"timestamp":"2026-10-02T19:30:49.235281","level":"error","event":"Failed to import: /opt/airflow/dags/user_processing.py","logger":"airflow.models.dagbag.DagBag","error_detail":[{"exc_type":"SyntaxError","exc_value":"invalid syntax (user_processing.py, line 23)","exc_notes":[],"syntax_error":{"offset":9,"filename":"/opt/airflow/dags/user_processing.py","line":"        def is_api_available() -> PokeReturnValue :\n","lineno":23,"msg":"invalid syntax"},"is_cause":false,"frames":[{"filename":"/home/airflow/.local/lib/python3.12/site-packages/airflow/models/dagbag.py","lineno":384,"name":"parse"},{"filename":"<frozen importlib._bootstrap_external>","lineno":995,"name":"exec_module"},{"filename":"<frozen importlib._bootstrap_external>","lineno":1133,"name":"get_code"},{"filename":"<frozen importlib._bootstrap_external>","lineno":1063,"name":"source_to_code"},{"filename":"<frozen importlib._bootstrap>","lineno":488,"name":"_call_with_frames_removed"}]}]}
{"timestamp":"2026-10-02T19:31:08.457055","level":"info","event":"Filling up the DagBag from /opt/airflow/dags/user_processing.py","logger":"airflow.models.dagbag.DagBag"}
{"timestamp":"2026-10-02T19:31:08.481550","level":"error","event":"Failed to import: /opt/airflow/dags/user_processing.py","logger":"airflow.models.dagbag.DagBag","error_detail":[{"exc_type":"SyntaxError","exc_value":"invalid syntax (user_processing.py, line 23)","exc_notes":[],"syntax_error":{"offset":9,"filename":"/opt/airflow/dags/user_processing.py","line":"        def is_api_available() -> PokeReturnValue :\n","lineno":23,"msg":"invalid syntax"},"is_cause":false,"frames":[{"filename":"/home/airflow/.local/lib/python3.12/site-packages/airflow/models/dagbag.py","lineno":384,"name":"parse"},{"filename":"<frozen importlib._bootstrap_external>","lineno":995,"name":"exec_module"},{"filename":"<frozen importlib._bootstrap_external>","lineno":1133,"name":"get_code"},{"filename":"<frozen importlib._bootstrap_external>","lineno":1063,"name":"source_to_code"},{"filename":"<frozen importlib._bootstrap>","lineno":488,"name":"_call_with_frames_removed"}]}]}
{"timestamp":"2026-10-02T19:31:12.585602","level":"info","event":"Filling up the DagBag from /opt/airflow/dags/user_processing.py","logger":"airflow.models.dagbag.DagBag"}
{"timestamp":"2026-10-02T19:31:12.604238","level":"error","event":"Failed to import: /opt/airflow/dags/user_processing.py","logger":"airflow.models.dagbag.DagBag","error_detail":[{"exc_type":"SyntaxError","exc_value":"invalid syntax (user_processing.py, line 23)","exc_notes":[],"syntax_error":{"offset":9,"filename":"/opt/airflow/dags/user_processing.py","line":"        def is_api_available() -> PokeReturnValue :\n","lineno":23,"msg":"invalid syntax"},"is_cause":false,"frames":[{"filename":"/home/airflow/.local/lib/python3.12/site-packages/airflow/models/dagbag.py","lineno":384,"name":"parse"},{"filename":"<frozen importlib._bootstrap_external>","lineno":995,"name":"exec_module"},{"filename":"<frozen importlib._bootstrap_external>","lineno":1133,"name":"get_code"},{"filename":"<frozen importlib._bootstrap_external>","lineno":1063,"name":"source_to_code"},{"filename":"<frozen importlib._bootstrap>","lineno":488,"name":"_call_with_frames_removed"}]}]}
{"timestamp":"2026-10-02T19:31:21.722688","level":"info","event":"Filling up the DagBag from /opt/airflow/dags/user_processing.py","logger":"airflow.models.dagbag.DagBag"}
{"timestamp":"2026-10-02T19:31:21.734813","level":"error","event":"Failed to import: /opt/airflow/dags/user_processing.py","logger":"airflow.models.dagbag.DagBag","error_detail":[{"exc_type":"SyntaxError","exc_value":"invalid syntax (user_processing.py, line 23)","exc_notes":[],"syntax_error":{"offset":9,"filename":"/opt/airflow/dags/user_processing.py","line":"        def is_api_available() -> PokeReturnValue :\n","lineno":23,"msg":"invalid syntax"},"is_cause":false,"frames":[{"filename":"/home/airflow/.local/lib/python3.12/site-packages/airflow/models/dagbag.py","lineno":384,"name":"parse"},{"filename":"<frozen importlib._bootstrap_external>","lineno":995,"name":"exec_module"},{"filename":"<frozen importlib._bootstrap_external>","lineno":1133,"name":"get_code"},{"filename":"<frozen importlib._bootstrap_external>","lineno":1063,"name":"source_to_code"},{"filename":"<frozen importlib._bootstrap>","lineno":488,"name":"_call_with_frames_removed"}]}]}
{"timestamp":"2026-10-02T19:31:24.820282","level":"info","event":"Filling up the DagBag from /opt/airflow/dags/user_processing.py","logger":"airflow.models.dagbag.DagBag"}
{"timestamp":"2026-10-02T19:31:24.838688","level":"error","event":"Failed to import: /opt/airflow/dags/user_processing.py","logger":"airflow.models.dagbag.DagBag","error_detail":[{"exc_type":"SyntaxError","exc_value":"invalid syntax (user_processing.py, line 23)","exc_notes":[],"syntax_error":{"offset":9,"filename":"/opt/airflow/dags/user_processing.py","line":"        def is_api_available() -> PokeReturnValue :\n","lineno":23,"msg":"invalid syntax"},"is_cause":false,"frames":[{"filename":"/home/airflow/.local/lib/python3.12/site-packages/airflow/models/dagbag.py","lineno":384,"name":"parse"},{"filename":"<frozen importlib._bootstrap_external>","lineno":995,"name":"exec_module"},{"filename":"<frozen importlib._bootstrap_external>","lineno":1133,"name":"get_code"},{"filename":"<frozen importlib._bootstrap_external>","lineno":1063,"name":"source_to_code"},{"filename":"<frozen importlib._bootstrap>","lineno":488,"name":"_call_with_frames_removed"}]}]}
{"timestamp":"2026-10-02T19:31:26.924547","level":"info","event":"Filling up the DagBag from /opt/airflow/dags/user_processing.py","logger":"airflow.models.dagbag.DagBag"}
{"timestamp":"2026-10-02T19:31:26.962000","level":"error","event":"Failed to import: /opt/airflow/dags/user_processing.py","logger":"airflow.models.dagbag.DagBag","error_detail":[{"exc_type":"SyntaxError","exc_value":"invalid syntax (user_processing.py, line 23)","exc_notes":[],"syntax_error":{"offset":9,"filename":"/opt/airflow/dags/user_processing.py","line":"        def is_api_available() -> PokeReturnValue :\n","lineno":23,"msg":"invalid syntax"},"is_cause":false,"frames":[{"filename":"/home/airflow/.local/lib/python3.12/site-packages/airflow/models/dagbag.py","lineno":384,"name":"parse"},{"filename":"<frozen importlib._bootstrap_external>","lineno":995,"name":"exec_module"},{"filename":"<frozen importlib._bootstrap_external>","lineno":1133,"name":"get_code"},{"filename":"<frozen importlib._bootstrap_external>","lineno":1063,"name":"source_to_code"},{"filename":"<frozen importlib._bootstrap>","lineno":488,"name":"_call_with_frames_removed"}]}]}
{"timestamp":"2026-10-02T19:31:33.069888","level":"info","event":"Filling up the DagBag from /opt/airflow/dags/user_processing.py","logger":"airflow.models.dagbag.DagBag"}
{"timestamp":"2026-10-02T19:31:33.082622","level":"error","event":"Failed to import: /opt/airflow/dags/user_processing.py","logger":"airflow.models.dagbag.DagBag","error_detail":[{"exc_type":"SyntaxError","exc_value":"invalid syntax (user_processing.py, line 23)","exc_notes":[],"syntax_error":{"offset":9,"filename":"/opt/airflow/dags/user_processing.py","line":"        def is_api_available() -> PokeReturnValue :\n","lineno":23,"msg":"invalid syntax"},"is_cause":false,"frames":[{"filename":"/home/airflow/.local/lib/python3.12/site-packages/airflow/models/dagbag.py","lineno":384,"name":"parse"},{"filename":"<frozen importlib._bootstrap_external>","lineno":995,"name":"exec_module"},{"filename":"<frozen importlib._bootstrap_external>","lineno":1133,"name":"get_code"},{"filename":"<frozen importlib._bootstrap_external>","lineno":1063,"name":"source_to_code"},{"filename":"<frozen importlib._bootstrap>","lineno":488,"name":"_call_with_frames_removed"}]}]}
{"timestamp":"2026-10-02T19:31:39.211034","level":"info","event":"Filling up the DagBag from /opt/airflow/dags/user_processing.py","logger":"airflow.models.dagbag.DagBag"}
{"timestamp":"2026-10-02T19:31:39.232278","level":"error","event":"Failed to import: /opt/airflow/dags/user_processing.py","logger":"airflow.models.dagbag.DagBag","error_detail":[{"exc_type":"SyntaxError","exc_value":"invalid syntax (user_processing.py, line 23)","exc_notes":[],"syntax_error":{"offset":9,"filename":"/opt/airflow/dags/user_processing.py","line":"        def is_api_available() -> PokeReturnValue :\n","lineno":23,"msg":"invalid syntax"},"is_cause":false,"frames":[{"filename":"/home/airflow/.local/lib/python3.12/site-packages/airflow/models/dagbag.py","lineno":384,"name":"parse"},{"filename":"<frozen importlib._bootstrap_external>","lineno":995,"name":"exec_module"},{"filename":"<frozen importlib._bootstrap_external>","lineno":1133,"name":"get_code"},{"filename":"<frozen importlib._bootstrap_external>","lineno":1063,"name":"source_to_code"},{"filename":"<frozen importlib._bootstrap>","lineno":488,"name":"_call_with_frames_removed"}]}]}
{"timestamp":"2026-10-02T19:31:53.412041","level":"info","event":"Filling up the DagBag from /opt/airflow/dags/user_processing.py","logger":"airflow.models.dagbag.DagBag"}
{"timestamp":"2026-10-02T19:31:53.430059","level":"error","event":"Failed to import: /opt/airflow/dags/user_processing.py","logger":"airflow.models.dagbag.DagBag","error_detail":[{"exc_type":"SyntaxError","exc_value":"invalid syntax (user_processing.py, line 23)","exc_notes":[],"syntax_error":{"offset":9,"filename":"/opt/airflow/dags/user_processing.py","line":"        def is_api_available() -> PokeReturnValue :\n","lineno":23,"msg":"invalid syntax"},"is_cause":false,"frames":[{"filename":"/home/airflow/.local/lib/python3.12/site-packages/airflow/models/dagbag.py","lineno":384,"name":"parse"},{"filename":"<frozen importlib._bootstrap_external>","lineno":995,"name":"exec_module"},{"filename":"<frozen importlib._bootstrap_external>","lineno":1133,"name":"get_code"},{"filename":"<frozen importlib._bootstrap_external>","lineno":1063,"name":"source_to_code"},{"filename":"<frozen importlib._bootstrap>","lineno":488,"name":"_call_with_frames_removed"}]}]}
{"timestamp":"2026-10-02T19:31:55.510340","level":"info","event":"Filling up the DagBag from /opt/airflow/dags/user_processing.py","logger":"airflow.models.dagbag.DagBag"}
{"timestamp":"2026-10-02T19:31:55.528206","level":"error","event":"Failed to import: /opt/airflow/dags/user_processing.py","logger":"airflow.models.dagbag.DagBag","error_detail":[{"exc_type":"SyntaxError","exc_value":"invalid syntax (user_processing.py, line 23)","exc_notes":[],"syntax_error":{"offset":9,"filename":"/opt/airflow/dags/user_processing.py","line":"        def is_api_available() -> PokeReturnValue :\n","lineno":23,"msg":"invalid syntax"},"is_cause":false,"frames":[{"filename":"/home/airflow/.local/lib/python3.12/site-packages/airflow/models/dagbag.py","lineno":384,"name":"parse"},{"filename":"<frozen importlib._bootstrap_external>","lineno":995,"name":"exec_module"},{"filename":"<frozen importlib._bootstrap_external>","lineno":1133,"name":"get_code"},{"filename":"<frozen importlib._bootstrap_external>","lineno":1063,"name":"source_to_code"},{"filename":"<frozen importlib._bootstrap>","lineno":488,"name":"_call_with_frames_removed"}]}]}
{"timestamp":"2026-10-02T19:31:56.639704","level":"info","event":"Filling up the DagBag from /opt/airflow/dags/user_processing.py","logger":"airflow.models.dagbag.DagBag"}
{"timestamp":"2026-10-02T19:31:56.669309","level":"error","event":"Failed to import: /opt/airflow/dags/user_processing.py","logger":"airflow.models.dagbag.DagBag","error_detail":[{"exc_type":"SyntaxError","exc_value":"invalid syntax (user_processing.py, line 23)","exc_notes":[],"syntax_error":{"offset":9,"filename":"/opt/airflow/dags/user_processing.py","line":"        def is_api_available() -> PokeReturnValue :\n","lineno":23,"msg":"invalid syntax"},"is_cause":false,"frames":[{"filename":"/home/airflow/.local/lib/python3.12/site-packages/airflow/models/dagbag.py","lineno":384,"name":"parse"},{"filename":"<frozen importlib._bootstrap_external>","lineno":995,"name":"exec_module"},{"filename":"<frozen importlib._bootstrap_external>","lineno":1133,"name":"get_code"},{"filename":"<frozen importlib._bootstrap_external>","lineno":1063,"name":"source_to_code"},{"filename":"<frozen importlib._bootstrap>","lineno":488,"name":"_call_with_frames_removed"}]}]}
{"timestamp":"2026-10-02T19:31:59.770204","level":"info","event":"Filling up the DagBag from /opt/airflow/dags/user_processing.py","logger":"airflow.models.dagbag.DagBag"}
{"timestamp":"2026-10-02T19:31:59.791662","level":"error","event":"Failed to import: /opt/airflow/dags/user_processing.py","logger":"airflow.models.dagbag.DagBag","error_detail":[{"exc_type":"SyntaxError","exc_value":"invalid syntax (user_processing.py, line 23)","exc_notes":[],"syntax_error":{"offset":9,"filename":"/opt/airflow/dags/user_processing.py","line":"        def is_api_available() -> PokeReturnValue :\n","lineno":23,"msg":"invalid syntax"},"is_cause":false,"frames":[{"filename":"/home/airflow/.local/lib/python3.12/site-packages/airflow/models/dagbag.py","lineno":384,"name":"parse"},{"filename":"<frozen importlib._bootstrap_external>","lineno":995,"name":"exec_module"},{"filename":"<frozen importlib._bootstrap_external>","lineno":1133,"name":"get_code"},{"filename":"<frozen importlib._bootstrap_external>","lineno":1063,"name":"source_to_code"},{"filename":"<frozen importlib._bootstrap>","lineno":488,"name":"_call_with_frames_removed"}]}]}
{"timestamp":"2026-10-02T19:32:04.895652","level":"info","event":"Filling up the DagBag from /opt/airflow/dags/user_processing.py","logger":"airflow.models.dagbag.DagBag"}
{"timestamp":"2026-10-02T19:32:04.909494","level":"error","event":"Failed to import: /opt/airflow/dags/user_processing.py","logger":"airflow.models.dagbag.DagBag","error_detail":[{"exc_type":"SyntaxError","exc_value":"invalid syntax (user_processing.py, line 23)","exc_notes":[],"syntax_error":{"offset":9,"filename":"/opt/airflow/dags/user_processing.py","line":"        def is_api_available() -> PokeReturnValue :\n","lineno":23,"msg":"invalid syntax"},"is_cause":false,"frames":[{"filename":"/home/airflow/.local/lib/python3.12/site-packages/airflow/models/dagbag.py","lineno":384,"name":"parse"},{"filename":"<frozen importlib._bootstrap_external>","lineno":995,"name":"exec_module"},{"filename":"<frozen importlib._bootstrap_external>","lineno":1133,"name":"get_code"},{"filename":"<frozen importlib._bootstrap_external>","lineno":1063,"name":"source_to_code"},{"filename":"<frozen importlib._bootstrap>","lineno":488,"name":"_call_with_frames_removed"}]}]}
{"timestamp":"2026-10-02T19:32:05.983071","level":"info","event":"Filling up the DagBag from /opt/airflow/dags/user_processing.py","logger":"airflow.models.dagbag.DagBag"}
{"timestamp":"2026-10-02T19:32:06.005169","level":"error","event":"Failed to import: /opt/airflow/dags/user_processing.py","logger":"airflow.models.dagbag.DagBag","error_detail":[{"exc_type":"SyntaxError","exc_value":"invalid syntax (user_processing.py, line 23)","exc_notes":[],"syntax_error":{"offset":9,"filename":"/opt/airflow/dags/user_processing.py","line":"        def is_api_available() -> PokeReturnValue :\n","lineno":23,"msg":"invalid syntax"},"is_cause":false,"frames":[{"filename":"/home/airflow/.local/lib/python3.12/site-packages/airflow/models/dagbag.py","lineno":384,"name":"parse"},{"filename":"<frozen importlib._bootstrap_external>","lineno":995,"name":"exec_module"},{"filename":"<frozen importlib._bootstrap_external>","lineno":1133,"name":"get_code"},{"filename":"<frozen importlib._bootstrap_external>","lineno":1063,"name":"source_to_code"},{"filename":"<frozen importlib._bootstrap>","lineno":488,"name":"_call_with_frames_removed"}]}]}
{"timestamp":"2026-10-02T19:32:08.086676","level":"info","event":"Filling up the DagBag from /opt/airflow/dags/user_processing.py","logger":"airflow.models.dagbag.DagBag"}
{"timestamp":"2026-10-02T19:32:08.102054","level":"error","event":"Failed to import: /opt/airflow/dags/user_processing.py","logger":"airflow.models.dagbag.DagBag","error_detail":[{"exc_type":"SyntaxError","exc_value":"invalid syntax (user_processing.py, line 23)","exc_notes":[],"syntax_error":{"offset":9,"filename":"/opt/airflow/dags/user_processing.py","line":"        def is_api_available() -> PokeReturnValue :\n","lineno":23,"msg":"invalid syntax"},"is_cause":false,"frames":[{"filename":"/home/airflow/.local/lib/python3.12/site-packages/airflow/models/dagbag.py","lineno":384,"name":"parse"},{"filename":"<frozen importlib._bootstrap_external>","lineno":995,"name":"exec_module"},{"filename":"<frozen importlib._bootstrap_external>","lineno":1133,"name":"get_code"},{"filename":"<frozen importlib._bootstrap_external>","lineno":1063,"name":"source_to_code"},{"filename":"<frozen importlib._bootstrap>","lineno":488,"name":"_call_with_frames_removed"}]}]}
{"timestamp":"2026-10-02T19:32:10.197669","level":"info","event":"Filling up the DagBag from /opt/airflow/dags/user_processing.py","logger":"airflow.models.dagbag.DagBag"}
{"timestamp":"2026-10-02T19:32:10.212488","level":"error","event":"Failed to import: /opt/airflow/dags/user_processing.py","logger":"airflow.models.dagbag.DagBag","error_detail":[{"exc_type":"SyntaxError","exc_value":"invalid syntax (user_processing.py, line 23)","exc_notes":[],"syntax_error":{"offset":9,"filename":"/opt/airflow/dags/user_processing.py","line":"        def is_api_available() -> PokeReturnValue :\n","lineno":23,"msg":"invalid syntax"},"is_cause":false,"frames":[{"filename":"/home/airflow/.local/lib/python3.12/site-packages/airflow/models/dagbag.py","lineno":384,"name":"parse"},{"filename":"<frozen importlib._bootstrap_external>","lineno":995,"name":"exec_module"},{"filename":"<frozen importlib._bootstrap_external>","lineno":1133,"name":"get_code"},{"filename":"<frozen importlib._bootstrap_external>","lineno":1063,"name":"source_to_code"},{"filename":"<frozen importlib._bootstrap>","lineno":488,"name":"_call_with_frames_removed"}]}]}
{"timestamp":"2026-10-02T19:32:14.325443","level":"info","event":"Filling up the DagBag from /opt/airflow/dags/user_processing.py","logger":"airflow.models.dagbag.DagBag"}
{"timestamp":"2026-10-02T19:32:14.343380","level":"error","event":"Failed to import: /opt/airflow/dags/user_processing.py","logger":"airflow.models.dagbag.DagBag","error_detail":[{"exc_type":"SyntaxError","exc_value":"invalid syntax (user_processing.py, line 23)","exc_notes":[],"syntax_error":{"offset":9,"filename":"/opt/airflow/dags/user_processing.py","line":"        def is_api_available() -> PokeReturnValue :\n","lineno":23,"msg":"invalid syntax"},"is_cause":false,"frames":[{"filename":"/home/airflow/.local/lib/python3.12/site-packages/airflow/models/dagbag.py","lineno":384,"name":"parse"},{"filename":"<frozen importlib._bootstrap_external>","lineno":995,"name":"exec_module"},{"filename":"<frozen importlib._bootstrap_external>","lineno":1133,"name":"get_code"},{"filename":"<frozen importlib._bootstrap_external>","lineno":1063,"name":"source_to_code"},{"filename":"<frozen importlib._bootstrap>","lineno":488,"name":"_call_with_frames_removed"}]}]}
{"timestamp":"2026-10-02T19:32:19.443162","level":"info","event":"Filling up the DagBag from /opt/airflow/dags/user_processing.py","logger":"airflow.models.dagbag.DagBag"}
{"timestamp":"2026-10-02T19:32:19.459104","level":"error","event":"Failed to import: /opt/airflow/dags/user_processing.py","logger":"airflow.models.dagbag.DagBag","error_detail":[{"exc_type":"SyntaxError","exc_value":"invalid syntax (user_processing.py, line 23)","exc_notes":[],"syntax_error":{"offset":9,"filename":"/opt/airflow/dags/user_processing.py","line":"        def is_api_available() -> PokeReturnValue :\n","lineno":23,"msg":"invalid syntax"},"is_cause":false,"frames":[{"filename":"/home/airflow/.local/lib/python3.12/site-packages/airflow/models/dagbag.py","lineno":384,"name":"parse"},{"filename":"<frozen importlib._bootstrap_external>","lineno":995,"name":"exec_module"},{"filename":"<frozen importlib._bootstrap_external>","lineno":1133,"name":"get_code"},{"filename":"<frozen importlib._bootstrap_external>","lineno":1063,"name":"source_to_code"},{"filename":"<frozen importlib._bootstrap>","lineno":488,"name":"_call_with_frames_removed"}]}]}
{"timestamp":"2026-10-02T19:32:27.580312","level":"info","event":"Filling up the DagBag from /opt/airflow/dags/user_processing.py","logger":"airflow.models.dagbag.DagBag"}
{"timestamp":"2026-10-02T19:32:27.597682","level":"error","event":"Failed to import: /opt/airflow/dags/user_processing.py","logger":"airflow.models.dagbag.DagBag","error_detail":[{"exc_type":"SyntaxError","exc_value":"invalid syntax (user_processing.py, line 23)","exc_notes":[],"syntax_error":{"offset":9,"filename":"/opt/airflow/dags/user_processing.py","line":"        def is_api_available() -> PokeReturnValue :\n","lineno":23,"msg":"invalid syntax"},"is_cause":false,"frames":[{"filename":"/home/airflow/.local/lib/python3.12/site-packages/airflow/models/dagbag.py","lineno":384,"name":"parse"},{"filename":"<frozen importlib._bootstrap_external>","lineno":995,"name":"exec_module"},{"filename":"<frozen importlib._bootstrap_external>","lineno":1133,"name":"get_code"},{"filename":"<frozen importlib._bootstrap_external>","lineno":1063,"name":"source_to_code"},{"filename":"<frozen importlib._bootstrap>","lineno":488,"name":"_call_with_frames_removed"}]}]}
{"timestamp":"2026-10-02T19:32:30.692233","level":"info","event":"Filling up the DagBag from /opt/airflow/dags/user_processing.py","logger":"airflow.models.dagbag.DagBag"}
{"timestamp":"2026-10-02T19:32:30.708786","level":"error","event":"Failed to import: /opt/airflow/dags/user_processing.py","logger":"airflow.models.dagbag.DagBag","error_detail":[{"exc_type":"SyntaxError","exc_value":"invalid syntax (user_processing.py, line 23)","exc_notes":[],"syntax_error":{"offset":9,"filename":"/opt/airflow/dags/user_processing.py","line":"        def is_api_available() -> PokeReturnValue :\n","lineno":23,"msg":"invalid syntax"},"is_cause":false,"frames":[{"filename":"/home/airflow/.local/lib/python3.12/site-packages/airflow/models/dagbag.py","lineno":384,"name":"parse"},{"filename":"<frozen importlib._bootstrap_external>","lineno":995,"name":"exec_module"},{"filename":"<frozen importlib._bootstrap_external>","lineno":1133,"name":"get_code"},{"filename":"<frozen importlib._bootstrap_external>","lineno":1063,"name":"source_to_code"},{"filename":"<frozen importlib._bootstrap>","lineno":488,"name":"_call_with_frames_removed"}]}]}
{"timestamp":"2026-10-02T19:33:01.002166","level":"info","event":"Filling up the DagBag from /opt/airflow/dags/user_processing.py","logger":"airflow.models.dagbag.DagBag"}
{"timestamp":"2026-10-02T19:33:01.019903","level":"error","event":"Failed to import: /opt/airflow/dags/user_processing.py","logger":"airflow.models.dagbag.DagBag","error_detail":[{"exc_type":"SyntaxError","exc_value":"invalid syntax (user_processing.py, line 23)","exc_notes":[],"syntax_error":{"offset":9,"filename":"/opt/airflow/dags/user_processing.py","line":"        def is_api_available() -> PokeReturnValue :\n","lineno":23,"msg":"invalid syntax"},"is_cause":false,"frames":[{"filename":"/home/airflow/.local/lib/python3.12/site-packages/airflow/models/dagbag.py","lineno":384,"name":"parse"},{"filename":"<frozen importlib._bootstrap_external>","lineno":995,"name":"exec_module"},{"filename":"<frozen importlib._bootstrap_external>","lineno":1133,"name":"get_code"},{"filename":"<frozen importlib._bootstrap_external>","lineno":1063,"name":"source_to_code"},{"filename":"<frozen importlib._bootstrap>","lineno":488,"name":"_call_with_frames_removed"}]}]}
{"timestamp":"2026-10-02T19:33:23.232149","level":"info","event":"Filling up the DagBag from /opt/airflow/dags/user_processing.py","logger":"airflow.models.dagbag.DagBag"}
{"timestamp":"2026-10-02T19:33:23.248308","level":"error","event":"Failed to import: /opt/airflow/dags/user_processing.py","logger":"airflow.models.dagbag.DagBag","error_detail":[{"exc_type":"SyntaxError","exc_value":"invalid syntax (user_processing.py, line 24)","exc_notes":[],"syntax_error":{"offset":9,"filename":"/opt/airflow/dags/user_processing.py","line":"        def is_api_available() -> PokeReturnValue :\n","lineno":24,"msg":"invalid syntax"},"is_cause":false,"frames":[{"filename":"/home/airflow/.local/lib/python3.12/site-packages/airflow/models/dagbag.py","lineno":384,"name":"parse"},{"filename":"<frozen importlib._bootstrap_external>","lineno":995,"name":"exec_module"},{"filename":"<frozen importlib._bootstrap_external>","lineno":1133,"name":"get_code"},{"filename":"<frozen importlib._bootstrap_external>","lineno":1063,"name":"source_to_code"},{"filename":"<frozen importlib._bootstrap>","lineno":488,"name":"_call_with_frames_removed"}]}]}
{"timestamp":"2026-10-02T19:33:27.337727","level":"info","event":"Filling up the DagBag from /opt/airflow/dags/user_processing.py","logger":"airflow.models.dagbag.DagBag"}
{"timestamp":"2026-10-02T19:33:27.350257","level":"error","event":"Failed to import: /opt/airflow/dags/user_processing.py","logger":"airflow.models.dagbag.DagBag","error_detail":[{"exc_type":"SyntaxError","exc_value":"invalid syntax (user_processing.py, line 24)","exc_notes":[],"syntax_error":{"offset":9,"filename":"/opt/airflow/dags/user_processing.py","line":"        def is_api_available() -> PokeReturnValue :\n","lineno":24,"msg":"invalid syntax"},"is_cause":false,"frames":[{"filename":"/home/airflow/.local/lib/python3.12/site-packages/airflow/models/dagbag.py","lineno":384,"name":"parse"},{"filename":"<frozen importlib._bootstrap_external>","lineno":995,"name":"exec_module"},{"filename":"<frozen importlib._bootstrap_external>","lineno":1133,"name":"get_code"},{"filename":"<frozen importlib._bootstrap_external>","lineno":1063,"name":"source_to_code"},{"filename":"<frozen importlib._bootstrap>","lineno":488,"name":"_call_with_frames_removed"}]}]}
{"timestamp":"2026-10-02T19:33:32.462930","level":"info","event":"Filling up the DagBag from /opt/airflow/dags/user_processing.py","logger":"airflow.models.dagbag.DagBag"}
{"timestamp":"2026-10-02T19:33:32.486574","level":"error","event":"Failed to import: /opt/airflow/dags/user_processing.py","logger":"airflow.models.dagbag.DagBag","error_detail":[{"exc_type":"SyntaxError","exc_value":"invalid syntax (user_processing.py, line 24)","exc_notes":[],"syntax_error":{"offset":9,"filename":"/opt/airflow/dags/user_processing.py","line":"        def is_api_available() -> PokeReturnValue :\n","lineno":24,"msg":"invalid syntax"},"is_cause":false,"frames":[{"filename":"/home/airflow/.local/lib/python3.12/site-packages/airflow/models/dagbag.py","lineno":384,"name":"parse"},{"filename":"<frozen importlib._bootstrap_external>","lineno":995,"name":"exec_module"},{"filename":"<frozen importlib._bootstrap_external>","lineno":1133,"name":"get_code"},{"filename":"<frozen importlib._bootstrap_external>","lineno":1063,"name":"source_to_code"},{"filename":"<frozen importlib._bootstrap>","lineno":488,"name":"_call_with_frames_removed"}]}]}
{"timestamp":"2026-10-02T19:33:34.596459","level":"info","event":"Filling up the DagBag from /opt/airflow/dags/user_processing.py","logger":"airflow.models.dagbag.DagBag"}
{"timestamp":"2026-10-02T19:33:34.614592","level":"error","event":"Failed to import: /opt/airflow/dags/user_processing.py","logger":"airflow.models.dagbag.DagBag","error_detail":[{"exc_type":"SyntaxError","exc_value":"expected argument value expression (user_processing.py, line 23)","exc_notes":[],"syntax_error":{"offset":22,"filename":"/opt/airflow/dags/user_processing.py","line":"        @task.sensor(poke_interval=)\n","lineno":23,"msg":"expected argument value expression"},"is_cause":false,"frames":[{"filename":"/home/airflow/.local/lib/python3.12/site-packages/airflow/models/dagbag.py","lineno":384,"name":"parse"},{"filename":"<frozen importlib._bootstrap_external>","lineno":995,"name":"exec_module"},{"filename":"<frozen importlib._bootstrap_external>","lineno":1133,"name":"get_code"},{"filename":"<frozen importlib._bootstrap_external>","lineno":1063,"name":"source_to_code"},{"filename":"<frozen importlib._bootstrap>","lineno":488,"name":"_call_with_frames_removed"}]}]}
{"timestamp":"2026-10-02T19:33:37.710029","level":"info","event":"Filling up the DagBag from /opt/airflow/dags/user_processing.py","logger":"airflow.models.dagbag.DagBag"}
{"timestamp":"2026-10-02T19:33:37.726783","level":"error","event":"Failed to import: /opt/airflow/dags/user_processing.py","logger":"airflow.models.dagbag.DagBag","error_detail":[{"exc_type":"SyntaxError","exc_value":"invalid syntax (user_processing.py, line 24)","exc_notes":[],"syntax_error":{"offset":9,"filename":"/opt/airflow/dags/user_processing.py","line":"        def is_api_available() -> PokeReturnValue :\n","lineno":24,"msg":"invalid syntax"},"is_cause":false,"frames":[{"filename":"/home/airflow/.local/lib/python3.12/site-packages/airflow/models/dagbag.py","lineno":384,"name":"parse"},{"filename":"<frozen importlib._bootstrap_external>","lineno":995,"name":"exec_module"},{"filename":"<frozen importlib._bootstrap_external>","lineno":1133,"name":"get_code"},{"filename":"<frozen importlib._bootstrap_external>","lineno":1063,"name":"source_to_code"},{"filename":"<frozen importlib._bootstrap>","lineno":488,"name":"_call_with_frames_removed"}]}]}
{"timestamp":"2026-10-02T19:33:41.826710","level":"info","event":"Filling up the DagBag from /opt/airflow/dags/user_processing.py","logger":"airflow.models.dagbag.DagBag"}
{"timestamp":"2026-10-02T19:33:41.842502","level":"error","event":"Failed to import: /opt/airflow/dags/user_processing.py","logger":"airflow.models.dagbag.DagBag","error_detail":[{"exc_type":"SyntaxError","exc_value":"expected argument value expression (user_processing.py, line 23)","exc_notes":[],"syntax_error":{"offset":40,"filename":"/opt/airflow/dags/user_processing.py","line":"        @task.sensor(poke_interval=30, timeout=)\n","lineno":23,"msg":"expected argument value expression"},"is_cause":false,"frames":[{"filename":"/home/airflow/.local/lib/python3.12/site-packages/airflow/models/dagbag.py","lineno":384,"name":"parse"},{"filename":"<frozen importlib._bootstrap_external>","lineno":995,"name":"exec_module"},{"filename":"<frozen importlib._bootstrap_external>","lineno":1133,"name":"get_code"},{"filename":"<frozen importlib._bootstrap_external>","lineno":1063,"name":"source_to_code"},{"filename":"<frozen importlib._bootstrap>","lineno":488,"name":"_call_with_frames_removed"}]}]}
{"timestamp":"2026-10-02T19:33:43.922679","level":"info","event":"Filling up the DagBag from /opt/airflow/dags/user_processing.py","logger":"airflow.models.dagbag.DagBag"}
{"timestamp":"2026-10-02T19:33:43.936914","level":"error","event":"Failed to import: /opt/airflow/dags/user_processing.py","logger":"airflow.models.dagbag.DagBag","error_detail":[{"exc_type":"SyntaxError","exc_value":"invalid syntax (user_processing.py, line 24)","exc_notes":[],"syntax_error":{"offset":9,"filename":"/opt/airflow/dags/user_processing.py","line":"        def is_api_available() -> PokeReturnValue :\n","lineno":24,"msg":"invalid syntax"},"is_cause":false,"frames":[{"filename":"/home/airflow/.local/lib/python3.12/site-packages/airflow/models/dagbag.py","lineno":384,"name":"parse"},{"filename":"<frozen importlib._bootstrap_external>","lineno":995,"name":"exec_module"},{"filename":"<frozen importlib._bootstrap_external>","lineno":1133,"name":"get_code"},{"filename":"<frozen importlib._bootstrap_external>","lineno":1063,"name":"source_to_code"},{"filename":"<frozen importlib._bootstrap>","lineno":488,"name":"_call_with_frames_removed"}]}]}
{"timestamp":"2026-10-02T19:34:14.203326","level":"info","event":"Filling up the DagBag from /opt/airflow/dags/user_processing.py","logger":"airflow.models.dagbag.DagBag"}
{"timestamp":"2026-10-02T19:34:14.215332","level":"error","event":"Failed to import: /opt/airflow/dags/user_processing.py","logger":"airflow.models.dagbag.DagBag","error_detail":[{"exc_type":"SyntaxError","exc_value":"invalid syntax (user_processing.py, line 24)","exc_notes":[],"syntax_error":{"offset":9,"filename":"/opt/airflow/dags/user_processing.py","line":"        def is_api_available() -> PokeReturnValue :\n","lineno":24,"msg":"invalid syntax"},"is_cause":false,"frames":[{"filename":"/home/airflow/.local/lib/python3.12/site-packages/airflow/models/dagbag.py","lineno":384,"name":"parse"},{"filename":"<frozen importlib._bootstrap_external>","lineno":995,"name":"exec_module"},{"filename":"<frozen importlib._bootstrap_external>","lineno":1133,"name":"get_code"},{"filename":"<frozen importlib._bootstrap_external>","lineno":1063,"name":"source_to_code"},{"filename":"<frozen importlib._bootstrap>","lineno":488,"name":"_call_with_frames_removed"}]}]}
{"timestamp":"2026-10-02T19:34:44.496154","level":"info","event":"Filling up the DagBag from /opt/airflow/dags/user_processing.py","logger":"airflow.models.dagbag.DagBag"}
{"timestamp":"2026-10-02T19:34:44.511302","level":"error","event":"Failed to import: /opt/airflow/dags/user_processing.py","logger":"airflow.models.dagbag.DagBag","error_detail":[{"exc_type":"SyntaxError","exc_value":"invalid syntax (user_processing.py, line 24)","exc_notes":[],"syntax_error":{"offset":9,"filename":"/opt/airflow/dags/user_processing.py","line":"        def is_api_available() -> PokeReturnValue :\n","lineno":24,"msg":"invalid syntax"},"is_cause":false,"frames":[{"filename":"/home/airflow/.local/lib/python3.12/site-packages/airflow/models/dagbag.py","lineno":384,"name":"parse"},{"filename":"<frozen importlib._bootstrap_external>","lineno":995,"name":"exec_module"},{"filename":"<frozen importlib._bootstrap_external>","lineno":1133,"name":"get_code"},{"filename":"<frozen importlib._bootstrap_external>","lineno":1063,"name":"source_to_code"},{"filename":"<frozen importlib._bootstrap>","lineno":488,"name":"_call_with_frames_removed"}]}]}
{"timestamp":"2026-10-02T19:35:14.770463","level":"info","event":"Filling up the DagBag from /opt/airflow/dags/user_processing.py","logger":"airflow.models.dagbag.DagBag"}
{"timestamp":"2026-10-02T19:35:14.783829","level":"error","event":"Failed to import: /opt/airflow/dags/user_processing.py","logger":"airflow.models.dagbag.DagBag","error_detail":[{"exc_type":"SyntaxError","exc_value":"invalid syntax (user_processing.py, line 24)","exc_notes":[],"syntax_error":{"offset":9,"filename":"/opt/airflow/dags/user_processing.py","line":"        def is_api_available() -> PokeReturnValue :\n","lineno":24,"msg":"invalid syntax"},"is_cause":false,"frames":[{"filename":"/home/airflow/.local/lib/python3.12/site-packages/airflow/models/dagbag.py","lineno":384,"name":"parse"},{"filename":"<frozen importlib._bootstrap_external>","lineno":995,"name":"exec_module"},{"filename":"<frozen importlib._bootstrap_external>","lineno":1133,"name":"get_code"},{"filename":"<frozen importlib._bootstrap_external>","lineno":1063,"name":"source_to_code"},{"filename":"<frozen importlib._bootstrap>","lineno":488,"name":"_call_with_frames_removed"}]}]}
{"timestamp":"2026-10-02T19:35:45.240531","level":"info","event":"Filling up the DagBag from /opt/airflow/dags/user_processing.py","logger":"airflow.models.dagbag.DagBag"}
{"timestamp":"2026-10-02T19:35:45.254142","level":"error","event":"Failed to import: /opt/airflow/dags/user_processing.py","logger":"airflow.models.dagbag.DagBag","error_detail":[{"exc_type":"SyntaxError","exc_value":"invalid syntax (user_processing.py, line 24)","exc_notes":[],"syntax_error":{"offset":9,"filename":"/opt/airflow/dags/user_processing.py","line":"        def is_api_available() -> PokeReturnValue :\n","lineno":24,"msg":"invalid syntax"},"is_cause":false,"frames":[{"filename":"/home/airflow/.local/lib/python3.12/site-packages/airflow/models/dagbag.py","lineno":384,"name":"parse"},{"filename":"<frozen importlib._bootstrap_external>","lineno":995,"name":"exec_module"},{"filename":"<frozen importlib._bootstrap_external>","lineno":1133,"name":"get_code"},{"filename":"<frozen importlib._bootstrap_external>","lineno":1063,"name":"source_to_code"},{"filename":"<frozen importlib._bootstrap>","lineno":488,"name":"_call_with_frames_removed"}]}]}
{"timestamp":"2026-10-02T19:35:48.474362","level":"info","event":"Filling up the DagBag from /opt/airflow/dags/user_processing.py","logger":"airflow.models.dagbag.DagBag"}
{"timestamp":"2026-10-02T19:35:48.489710","level":"error","event":"Failed to import: /opt/airflow/dags/user_processing.py","logger":"airflow.models.dagbag.DagBag","error_detail":[{"exc_type":"SyntaxError","exc_value":"invalid syntax (user_processing.py, line 23)","exc_notes":[],"syntax_error":{"offset":9,"filename":"/opt/airflow/dags/user_processing.py","line":"        def is_api_available() -> PokeReturnValue :\n","lineno":23,"msg":"invalid syntax"},"is_cause":false,"frames":[{"filename":"/home/airflow/.local/lib/python3.12/site-packages/airflow/models/dagbag.py","lineno":384,"name":"parse"},{"filename":"<frozen importlib._bootstrap_external>","lineno":995,"name":"exec_module"},{"filename":"<frozen importlib._bootstrap_external>","lineno":1133,"name":"get_code"},{"filename":"<frozen importlib._bootstrap_external>","lineno":1063,"name":"source_to_code"},{"filename":"<frozen importlib._bootstrap>","lineno":488,"name":"_call_with_frames_removed"}]}]}
{"timestamp":"2026-10-02T19:36:18.761957","level":"info","event":"Filling up the DagBag from /opt/airflow/dags/user_processing.py","logger":"airflow.models.dagbag.DagBag"}
{"timestamp":"2026-10-02T19:36:18.777342","level":"error","event":"Failed to import: /opt/airflow/dags/user_processing.py","logger":"airflow.models.dagbag.DagBag","error_detail":[{"exc_type":"SyntaxError","exc_value":"invalid syntax (user_processing.py, line 23)","exc_notes":[],"syntax_error":{"offset":9,"filename":"/opt/airflow/dags/user_processing.py","line":"        def is_api_available() -> PokeReturnValue :\n","lineno":23,"msg":"invalid syntax"},"is_cause":false,"frames":[{"filename":"/home/airflow/.local/lib/python3.12/site-packages/airflow/models/dagbag.py","lineno":384,"name":"parse"},{"filename":"<frozen importlib._bootstrap_external>","lineno":995,"name":"exec_module"},{"filename":"<frozen importlib._bootstrap_external>","lineno":1133,"name":"get_code"},{"filename":"<frozen importlib._bootstrap_external>","lineno":1063,"name":"source_to_code"},{"filename":"<frozen importlib._bootstrap>","lineno":488,"name":"_call_with_frames_removed"}]}]}
{"timestamp":"2026-10-02T19:36:49.038841","level":"info","event":"Filling up the DagBag from /opt/airflow/dags/user_processing.py","logger":"airflow.models.dagbag.DagBag"}
{"timestamp":"2026-10-02T19:36:49.056685","level":"error","event":"Failed to import: /opt/airflow/dags/user_processing.py","logger":"airflow.models.dagbag.DagBag","error_detail":[{"exc_type":"SyntaxError","exc_value":"invalid syntax (user_processing.py, line 23)","exc_notes":[],"syntax_error":{"offset":9,"filename":"/opt/airflow/dags/user_processing.py","line":"        def is_api_available() -> PokeReturnValue :\n","lineno":23,"msg":"invalid syntax"},"is_cause":false,"frames":[{"filename":"/home/airflow/.local/lib/python3.12/site-packages/airflow/models/dagbag.py","lineno":384,"name":"parse"},{"filename":"<frozen importlib._bootstrap_external>","lineno":995,"name":"exec_module"},{"filename":"<frozen importlib._bootstrap_external>","lineno":1133,"name":"get_code"},{"filename":"<frozen importlib._bootstrap_external>","lineno":1063,"name":"source_to_code"},{"filename":"<frozen importlib._bootstrap>","lineno":488,"name":"_call_with_frames_removed"}]}]}
{"timestamp":"2026-10-02T19:37:19.477096","level":"info","event":"Filling up the DagBag from /opt/airflow/dags/user_processing.py","logger":"airflow.models.dagbag.DagBag"}
{"timestamp":"2026-10-02T19:37:19.494497","level":"error","event":"Failed to import: /opt/airflow/dags/user_processing.py","logger":"airflow.models.dagbag.DagBag","error_detail":[{"exc_type":"SyntaxError","exc_value":"invalid syntax (user_processing.py, line 23)","exc_notes":[],"syntax_error":{"offset":9,"filename":"/opt/airflow/dags/user_processing.py","line":"        def is_api_available() -> PokeReturnValue :\n","lineno":23,"msg":"invalid syntax"},"is_cause":false,"frames":[{"filename":"/home/airflow/.local/lib/python3.12/site-packages/airflow/models/dagbag.py","lineno":384,"name":"parse"},{"filename":"<frozen importlib._bootstrap_external>","lineno":995,"name":"exec_module"},{"filename":"<frozen importlib._bootstrap_external>","lineno":1133,"name":"get_code"},{"filename":"<frozen importlib._bootstrap_external>","lineno":1063,"name":"source_to_code"},{"filename":"<frozen importlib._bootstrap>","lineno":488,"name":"_call_with_frames_removed"}]}]}
{"timestamp":"2026-10-02T19:37:49.758645","level":"info","event":"Filling up the DagBag from /opt/airflow/dags/user_processing.py","logger":"airflow.models.dagbag.DagBag"}
{"timestamp":"2026-10-02T19:37:49.770061","level":"error","event":"Failed to import: /opt/airflow/dags/user_processing.py","logger":"airflow.models.dagbag.DagBag","error_detail":[{"exc_type":"SyntaxError","exc_value":"invalid syntax (user_processing.py, line 23)","exc_notes":[],"syntax_error":{"offset":9,"filename":"/opt/airflow/dags/user_processing.py","line":"        def is_api_available() -> PokeReturnValue :\n","lineno":23,"msg":"invalid syntax"},"is_cause":false,"frames":[{"filename":"/home/airflow/.local/lib/python3.12/site-packages/airflow/models/dagbag.py","lineno":384,"name":"parse"},{"filename":"<frozen importlib._bootstrap_external>","lineno":995,"name":"exec_module"},{"filename":"<frozen importlib._bootstrap_external>","lineno":1133,"name":"get_code"},{"filename":"<frozen importlib._bootstrap_external>","lineno":1063,"name":"source_to_code"},{"filename":"<frozen importlib._bootstrap>","lineno":488,"name":"_call_with_frames_removed"}]}]}
{"timestamp":"2026-10-02T19:38:01.922514","level":"info","event":"Filling up the DagBag from /opt/airflow/dags/user_processing.py","logger":"airflow.models.dagbag.DagBag"}
{"timestamp":"2026-10-02T19:38:05.208600","level":"info","event":"Filling up the DagBag from /opt/airflow/dags/user_processing.py","logger":"airflow.models.dagbag.DagBag"}
{"timestamp":"2026-10-02T19:38:06.480041","level":"info","event":"Filling up the DagBag from /opt/airflow/dags/user_processing.py","logger":"airflow.models.dagbag.DagBag"}
{"timestamp":"2026-10-02T19:38:08.744011","level":"info","event":"Filling up the DagBag from /opt/airflow/dags/user_processing.py","logger":"airflow.models.dagbag.DagBag"}
{"timestamp":"2026-10-02T19:38:09.992292","level":"info","event":"Filling up the DagBag from /opt/airflow/dags/user_processing.py","logger":"airflow.models.dagbag.DagBag"}
{"timestamp":"2026-10-02T19:38:10.004144","level":"error","event":"Failed to import: /opt/airflow/dags/user_processing.py","logger":"airflow.models.dagbag.DagBag","error_detail":[{"exc_type":"IndentationError","exc_value":"unexpected indent (user_processing.py, line 24)","exc_notes":[],"syntax_error":{"offset":12,"filename":"/opt/airflow/dags/user_processing.py","line":"            def is_api_available() -> PokeReturnValue :\n","lineno":24,"msg":"unexpected indent"},"is_cause":false,"frames":[{"filename":"/home/airflow/.local/lib/python3.12/site-packages/airflow/models/dagbag.py","lineno":384,"name":"parse"},{"filename":"<frozen importlib._bootstrap_external>","lineno":995,"name":"exec_module"},{"filename":"<frozen importlib._bootstrap_external>","lineno":1133,"name":"get_code"},{"filename":"<frozen importlib._bootstrap_external>","lineno":1063,"name":"source_to_code"},{"filename":"<frozen importlib._bootstrap>","lineno":488,"name":"_call_with_frames_removed"}]}]}
{"timestamp":"2026-10-02T19:38:13.105644","level":"info","event":"Filling up the DagBag from /opt/airflow/dags/user_processing.py","logger":"airflow.models.dagbag.DagBag"}
{"timestamp":"2026-10-02T19:38:13.123598","level":"error","event":"Failed to import: /opt/airflow/dags/user_processing.py","logger":"airflow.models.dagbag.DagBag","error_detail":[{"exc_type":"IndentationError","exc_value":"unexpected indent (user_processing.py, line 24)","exc_notes":[],"syntax_error":{"offset":8,"filename":"/opt/airflow/dags/user_processing.py","line":"        def is_api_available() -> PokeReturnValue :\n","lineno":24,"msg":"unexpected indent"},"is_cause":false,"frames":[{"filename":"/home/airflow/.local/lib/python3.12/site-packages/airflow/models/dagbag.py","lineno":384,"name":"parse"},{"filename":"<frozen importlib._bootstrap_external>","lineno":995,"name":"exec_module"},{"filename":"<frozen importlib._bootstrap_external>","lineno":1133,"name":"get_code"},{"filename":"<frozen importlib._bootstrap_external>","lineno":1063,"name":"source_to_code"},{"filename":"<frozen importlib._bootstrap>","lineno":488,"name":"_call_with_frames_removed"}]}]}
{"timestamp":"2026-10-02T19:38:14.215776","level":"info","event":"Filling up the DagBag from /opt/airflow/dags/user_processing.py","logger":"airflow.models.dagbag.DagBag"}
{"timestamp":"2026-10-02T19:38:14.232392","level":"error","event":"Failed to import: /opt/airflow/dags/user_processing.py","logger":"airflow.models.dagbag.DagBag","error_detail":[{"exc_type":"IndentationError","exc_value":"unindent does not match any outer indentation level (user_processing.py, line 35)","exc_notes":[],"syntax_error":{"offset":31,"filename":"/opt/airflow/dags/user_processing.py","line":"            is_api_available()\n","lineno":35,"msg":"unindent does not match any outer indentation level"},"is_cause":false,"frames":[{"filename":"/home/airflow/.local/lib/python3.12/site-packages/airflow/models/dagbag.py","lineno":384,"name":"parse"},{"filename":"<frozen importlib._bootstrap_external>","lineno":995,"name":"exec_module"},{"filename":"<frozen importlib._bootstrap_external>","lineno":1133,"name":"get_code"},{"filename":"<frozen importlib._bootstrap_external>","lineno":1063,"name":"source_to_code"},{"filename":"<frozen importlib._bootstrap>","lineno":488,"name":"_call_with_frames_removed"}]}]}
{"timestamp":"2026-10-02T19:38:18.484463","level":"info","event":"Filling up the DagBag from /opt/airflow/dags/user_processing.py","logger":"airflow.models.dagbag.DagBag"}
{"timestamp":"2026-10-02T19:38:18.505618","level":"error","event":"Failed to import: /opt/airflow/dags/user_processing.py","logger":"airflow.models.dagbag.DagBag","error_detail":[{"exc_type":"IndentationError","exc_value":"unexpected indent (user_processing.py, line 26)","exc_notes":[],"syntax_error":{"offset":16,"filename":"/opt/airflow/dags/user_processing.py","line":"                response=requests.get(\"https://raw.githubusercontent.com/marclamberti/datasets/refs/heads/main/fakeuser.json\")\n","lineno":26,"msg":"unexpected indent"},"is_cause":false,"frames":[{"filename":"/home/airflow/.local/lib/python3.12/site-packages/airflow/models/dagbag.py","lineno":384,"name":"parse"},{"filename":"<frozen importlib._bootstrap_external>","lineno":995,"name":"exec_module"},{"filename":"<frozen importlib._bootstrap_external>","lineno":1133,"name":"get_code"},{"filename":"<frozen importlib._bootstrap_external>","lineno":1063,"name":"source_to_code"},{"filename":"<frozen importlib._bootstrap>","lineno":488,"name":"_call_with_frames_removed"}]}]}
{"timestamp":"2026-10-02T19:38:20.761419","level":"info","event":"Filling up the DagBag from /opt/airflow/dags/user_processing.py","logger":"airflow.models.dagbag.DagBag"}
{"timestamp":"2026-10-02T19:38:20.777428","level":"error","event":"Failed to import: /opt/airflow/dags/user_processing.py","logger":"airflow.models.dagbag.DagBag","error_detail":[{"exc_type":"IndentationError","exc_value":"unexpected indent (user_processing.py, line 27)","exc_notes":[],"syntax_error":{"offset":16,"filename":"/opt/airflow/dags/user_processing.py","line":"                print(response.status_code)\n","lineno":27,"msg":"unexpected indent"},"is_cause":false,"frames":[{"filename":"/home/airflow/.local/lib/python3.12/site-packages/airflow/models/dagbag.py","lineno":384,"name":"parse"},{"filename":"<frozen importlib._bootstrap_external>","lineno":995,"name":"exec_module"},{"filename":"<frozen importlib._bootstrap_external>","lineno":1133,"name":"get_code"},{"filename":"<frozen importlib._bootstrap_external>","lineno":1063,"name":"source_to_code"},{"filename":"<frozen importlib._bootstrap>","lineno":488,"name":"_call_with_frames_removed"}]}]}
{"timestamp":"2026-10-02T19:38:23.006432","level":"info","event":"Filling up the DagBag from /opt/airflow/dags/user_processing.py","logger":"airflow.models.dagbag.DagBag"}
{"timestamp":"2026-10-02T19:38:23.025157","level":"error","event":"Failed to import: /opt/airflow/dags/user_processing.py","logger":"airflow.models.dagbag.DagBag","error_detail":[{"exc_type":"IndentationError","exc_value":"unexpected indent (user_processing.py, line 28)","exc_notes":[],"syntax_error":{"offset":16,"filename":"/opt/airflow/dags/user_processing.py","line":"                if response.status_code==200:\n","lineno":28,"msg":"unexpected indent"},"is_cause":false,"frames":[{"filename":"/home/airflow/.local/lib/python3.12/site-packages/airflow/models/dagbag.py","lineno":384,"name":"parse"},{"filename":"<frozen importlib._bootstrap_external>","lineno":995,"name":"exec_module"},{"filename":"<frozen importlib._bootstrap_external>","lineno":1133,"name":"get_code"},{"filename":"<frozen importlib._bootstrap_external>","lineno":1063,"name":"source_to_code"},{"filename":"<frozen importlib._bootstrap>","lineno":488,"name":"_call_with_frames_removed"}]}]}
{"timestamp":"2026-10-02T19:38:24.262187","level":"info","event":"Filling up the DagBag from /opt/airflow/dags/user_processing.py","logger":"airflow.models.dagbag.DagBag"}
{"timestamp":"2026-10-02T19:38:24.281128","level":"error","event":"Failed to import: /opt/airflow/dags/user_processing.py","logger":"airflow.models.dagbag.DagBag","error_detail":[{"exc_type":"IndentationError","exc_value":"unindent does not match any outer indentation level (user_processing.py, line 31)","exc_notes":[],"syntax_error":{"offset":24,"filename":"/opt/airflow/dags/user_processing.py","line":"                else : \n","lineno":31,"msg":"unindent does not match any outer indentation level"},"is_cause":false,"frames":[{"filename":"/home/airflow/.local/lib/python3.12/site-packages/airflow/models/dagbag.py","lineno":384,"name":"parse"},{"filename":"<frozen importlib._bootstrap_external>","lineno":995,"name":"exec_module"},{"filename":"<frozen importlib._bootstrap_external>","lineno":1133,"name":"get_code"},{"filename":"<frozen importlib._bootstrap_external>","lineno":1063,"name":"source_to_code"},{"filename":"<frozen importlib._bootstrap>","lineno":488,"name":"_call_with_frames_removed"}]}]}
{"timestamp":"2026-10-02T19:38:31.643003","level":"info","event":"Filling up the DagBag from /opt/airflow/dags/user_processing.py","logger":"airflow.models.dagbag.DagBag"}
{"timestamp":"2026-10-02T19:38:31.662327","level":"error","event":"Failed to import: /opt/airflow/dags/user_processing.py","logger":"airflow.models.dagbag.DagBag","error_detail":[{"exc_type":"IndentationError","exc_value":"unexpected indent (user_processing.py, line 30)","exc_notes":[],"syntax_error":{"offset":20,"filename":"/opt/airflow/dags/user_processing.py","line":"                    fake_user=response.json()\n","lineno":30,"msg":"unexpected indent"},"is_cause":false,"frames":[{"filename":"/home/airflow/.local/lib/python3.12/site-packages/airflow/models/dagbag.py","lineno":384,"name":"parse"},{"filename":"<frozen importlib._bootstrap_external>","lineno":995,"name":"exec_module"},{"filename":"<frozen importlib._bootstrap_external>","lineno":1133,"name":"get_code"},{"filename":"<frozen importlib._bootstrap_external>","lineno":1063,"name":"source_to_code"},{"filename":"<frozen importlib._bootstrap>","lineno":488,"name":"_call_with_frames_removed"}]}]}
{"timestamp":"2026-10-02T19:38:33.761690","level":"info","event":"Filling up the DagBag from /opt/airflow/dags/user_processing.py","logger":"airflow.models.dagbag.DagBag"}
{"timestamp":"2026-10-02T19:38:33.774347","level":"error","event":"Failed to import: /opt/airflow/dags/user_processing.py","logger":"airflow.models.dagbag.DagBag","error_detail":[{"exc_type":"IndentationError","exc_value":"unexpected indent (user_processing.py, line 31)","exc_notes":[],"syntax_error":{"offset":16,"filename":"/opt/airflow/dags/user_processing.py","line":"                else : \n","lineno":31,"msg":"unexpected indent"},"is_cause":false,"frames":[{"filename":"/home/airflow/.local/lib/python3.12/site-packages/airflow/models/dagbag.py","lineno":384,"name":"parse"},{"filename":"<frozen importlib._bootstrap_external>","lineno":995,"name":"exec_module"},{"filename":"<frozen importlib._bootstrap_external>","lineno":1133,"name":"get_code"},{"filename":"<frozen importlib._bootstrap_external>","lineno":1063,"name":"source_to_code"},{"filename":"<frozen importlib._bootstrap>","lineno":488,"name":"_call_with_frames_removed"}]}]}
{"timestamp":"2026-10-02T19:38:35.847791","level":"info","event":"Filling up the DagBag from /opt/airflow/dags/user_processing.py","logger":"airflow.models.dagbag.DagBag"}
{"timestamp":"2026-10-02T19:38:35.864543","level":"error","event":"Failed to import: /opt/airflow/dags/user_processing.py","logger":"airflow.models.dagbag.DagBag","error_detail":[{"exc_type":"IndentationError","exc_value":"unindent does not match any outer indentation level (user_processing.py, line 34)","exc_notes":[],"syntax_error":{"offset":81,"filename":"/opt/airflow/dags/user_processing.py","line":"                return PokeReturnValue(is_done=Condition , xcom_value=fake_user)\n","lineno":34,"msg":"unindent does not match any outer indentation level"},"is_cause":false,"frames":[{"filename":"/home/airflow/.local/lib/python3.12/site-packages/airflow/models/dagbag.py","lineno":384,"name":"parse"},{"filename":"<frozen importlib._bootstrap_external>","lineno":995,"name":"exec_module"},{"filename":"<frozen importlib._bootstrap_external>","lineno":1133,"name":"get_code"},{"filename":"<frozen importlib._bootstrap_external>","lineno":1063,"name":"source_to_code"},{"filename":"<frozen importlib._bootstrap>","lineno":488,"name":"_call_with_frames_removed"}]}]}
{"timestamp":"2026-10-02T19:38:38.942434","level":"info","event":"Filling up the DagBag from /opt/airflow/dags/user_processing.py","logger":"airflow.models.dagbag.DagBag"}
{"timestamp":"2026-10-02T19:38:38.962098","level":"error","event":"Failed to import: /opt/airflow/dags/user_processing.py","logger":"airflow.models.dagbag.DagBag","error_detail":[{"exc_type":"IndentationError","exc_value":"unexpected indent (user_processing.py, line 34)","exc_notes":[],"syntax_error":{"offset":16,"filename":"/opt/airflow/dags/user_processing.py","line":"                return PokeReturnValue(is_done=Condition , xcom_value=fake_user)\n","lineno":34,"msg":"unexpected indent"},"is_cause":false,"frames":[{"filename":"/home/airflow/.local/lib/python3.12/site-packages/airflow/models/dagbag.py","lineno":384,"name":"parse"},{"filename":"<frozen importlib._bootstrap_external>","lineno":995,"name":"exec_module"},{"filename":"<frozen importlib._bootstrap_external>","lineno":1133,"name":"get_code"},{"filename":"<frozen importlib._bootstrap_external>","lineno":1063,"name":"source_to_code"},{"filename":"<frozen importlib._bootstrap>","lineno":488,"name":"_call_with_frames_removed"}]}]}
{"timestamp":"2026-10-02T19:38:40.029066","level":"info","event":"Filling up the DagBag from /opt/airflow/dags/user_processing.py","logger":"airflow.models.dagbag.DagBag"}
{"timestamp":"2026-10-02T19:38:40.044164","level":"error","event":"Failed to import: /opt/airflow/dags/user_processing.py","logger":"airflow.models.dagbag.DagBag","error_detail":[{"exc_type":"IndentationError","exc_value":"unexpected indent (user_processing.py, line 35)","exc_notes":[],"syntax_error":{"offset":12,"filename":"/opt/airflow/dags/user_processing.py","line":"            is_api_available()\n","lineno":35,"msg":"unexpected indent"},"is_cause":false,"frames":[{"filename":"/home/airflow/.local/lib/python3.12/site-packages/airflow/models/dagbag.py","lineno":384,"name":"parse"},{"filename":"<frozen importlib._bootstrap_external>","lineno":995,"name":"exec_module"},{"filename":"<frozen importlib._bootstrap_external>","lineno":1133,"name":"get_code"},{"filename":"<frozen importlib._bootstrap_external>","lineno":1063,"name":"source_to_code"},{"filename":"<frozen importlib._bootstrap>","lineno":488,"name":"_call_with_frames_removed"}]}]}
{"timestamp":"2026-10-02T19:38:42.129822","level":"info","event":"Filling up the DagBag from /opt/airflow/dags/user_processing.py","logger":"airflow.models.dagbag.DagBag"}
{"timestamp":"2026-10-02T19:39:12.477612","level":"info","event":"Filling up the DagBag from /opt/airflow/dags/user_processing.py","logger":"airflow.models.dagbag.DagBag"}
{"timestamp":"2026-10-02T19:39:42.803597","level":"info","event":"Filling up the DagBag from /opt/airflow/dags/user_processing.py","logger":"airflow.models.dagbag.DagBag"}
{"timestamp":"2026-10-02T19:40:12.099438","level":"info","event":"Filling up the DagBag from /opt/airflow/dags/user_processing.py","logger":"airflow.models.dagbag.DagBag"}
{"timestamp":"2026-10-02T19:40:42.429658","level":"info","event":"Filling up the DagBag from /opt/airflow/dags/user_processing.py","logger":"airflow.models.dagbag.DagBag"}
{"timestamp":"2026-10-02T19:41:12.779946","level":"info","event":"Filling up the DagBag from /opt/airflow/dags/user_processing.py","logger":"airflow.models.dagbag.DagBag"}
{"timestamp":"2026-10-02T19:41:43.096041","level":"info","event":"Filling up the DagBag from /opt/airflow/dags/user_processing.py","logger":"airflow.models.dagbag.DagBag"}
{"timestamp":"2026-10-02T19:42:13.424943","level":"info","event":"Filling up the DagBag from /opt/airflow/dags/user_processing.py","logger":"airflow.models.dagbag.DagBag"}
{"timestamp":"2026-10-02T19:42:43.733129","level":"info","event":"Filling up the DagBag from /opt/airflow/dags/user_processing.py","logger":"airflow.models.dagbag.DagBag"}
{"timestamp":"2026-10-02T19:43:14.035480","level":"info","event":"Filling up the DagBag from /opt/airflow/dags/user_processing.py","logger":"airflow.models.dagbag.DagBag"}
{"timestamp":"2026-10-02T19:43:44.337180","level":"info","event":"Filling up the DagBag from /opt/airflow/dags/user_processing.py","logger":"airflow.models.dagbag.DagBag"}
{"timestamp":"2026-10-02T19:44:14.650318","level":"info","event":"Filling up the DagBag from /opt/airflow/dags/user_processing.py","logger":"airflow.models.dagbag.DagBag"}
{"timestamp":"2026-10-02T19:44:44.955240","level":"info","event":"Filling up the DagBag from /opt/airflow/dags/user_processing.py","logger":"airflow.models.dagbag.DagBag"}
{"timestamp":"2026-10-02T19:45:15.291577","level":"info","event":"Filling up the DagBag from /opt/airflow/dags/user_processing.py","logger":"airflow.models.dagbag.DagBag"}
{"timestamp":"2026-10-02T19:45:45.600141","level":"info","event":"Filling up the DagBag from /opt/airflow/dags/user_processing.py","logger":"airflow.models.dagbag.DagBag"}
{"timestamp":"2026-10-02T19:46:15.918604","level":"info","event":"Filling up the DagBag from /opt/airflow/dags/user_processing.py","logger":"airflow.models.dagbag.DagBag"}
{"timestamp":"2026-10-02T19:46:46.283117","level":"info","event":"Filling up the DagBag from /opt/airflow/dags/user_processing.py","logger":"airflow.models.dagbag.DagBag"}
{"timestamp":"2026-10-02T19:47:16.702575","level":"info","event":"Filling up the DagBag from /opt/airflow/dags/user_processing.py","logger":"airflow.models.dagbag.DagBag"}
{"timestamp":"2026-10-02T19:47:47.035469","level":"info","event":"Filling up the DagBag from /opt/airflow/dags/user_processing.py","logger":"airflow.models.dagbag.DagBag"}
{"timestamp":"2026-10-02T19:48:17.314764","level":"info","event":"Filling up the DagBag from /opt/airflow/dags/user_processing.py","logger":"airflow.models.dagbag.DagBag"}
{"timestamp":"2026-10-02T19:48:47.693162","level":"info","event":"Filling up the DagBag from /opt/airflow/dags/user_processing.py","logger":"airflow.models.dagbag.DagBag"}
{"timestamp":"2026-10-02T19:49:18.004147","level":"info","event":"Filling up the DagBag from /opt/airflow/dags/user_processing.py","logger":"airflow.models.dagbag.DagBag"}
{"timestamp":"2026-10-02T19:49:22.124736","level":"info","event":"Filling up the DagBag from /opt/airflow/dags/user_processing.py","logger":"airflow.models.dagbag.DagBag"}
{"timestamp":"2026-10-02T19:49:22.146278","level":"error","event":"Failed to import: /opt/airflow/dags/user_processing.py","logger":"airflow.models.dagbag.DagBag","error_detail":[{"exc_type":"SyntaxError","exc_value":"invalid syntax (user_processing.py, line 4)","exc_notes":[],"syntax_error":{"offset":24,"filename":"/opt/airflow/dags/user_processing.py","line":"from airflow.providers.\n","lineno":4,"msg":"invalid syntax"},"is_cause":false,"frames":[{"filename":"/home/airflow/.local/lib/python3.12/site-packages/airflow/models/dagbag.py","lineno":384,"name":"parse"},{"filename":"<frozen importlib._bootstrap_external>","lineno":995,"name":"exec_module"},{"filename":"<frozen importlib._bootstrap_external>","lineno":1133,"name":"get_code"},{"filename":"<frozen importlib._bootstrap_external>","lineno":1063,"name":"source_to_code"},{"filename":"<frozen importlib._bootstrap>","lineno":488,"name":"_call_with_frames_removed"}]}]}
{"timestamp":"2026-10-02T19:49:31.268928","level":"info","event":"Filling up the DagBag from /opt/airflow/dags/user_processing.py","logger":"airflow.models.dagbag.DagBag"}
{"timestamp":"2026-10-02T19:49:31.279009","level":"error","event":"Failed to import: /opt/airflow/dags/user_processing.py","logger":"airflow.models.dagbag.DagBag","error_detail":[{"exc_type":"SyntaxError","exc_value":"invalid syntax (user_processing.py, line 4)","exc_notes":[],"syntax_error":{"offset":57,"filename":"/opt/airflow/dags/user_processing.py","line":"from airflow.providers.standard.operators.python import \n","lineno":4,"msg":"invalid syntax"},"is_cause":false,"frames":[{"filename":"/home/airflow/.local/lib/python3.12/site-packages/airflow/models/dagbag.py","lineno":384,"name":"parse"},{"filename":"<frozen importlib._bootstrap_external>","lineno":995,"name":"exec_module"},{"filename":"<frozen importlib._bootstrap_external>","lineno":1133,"name":"get_code"},{"filename":"<frozen importlib._bootstrap_external>","lineno":1063,"name":"source_to_code"},{"filename":"<frozen importlib._bootstrap>","lineno":488,"name":"_call_with_frames_removed"}]}]}
{"timestamp":"2026-10-02T19:49:35.379521","level":"info","event":"Filling up the DagBag from /opt/airflow/dags/user_processing.py","logger":"airflow.models.dagbag.DagBag"}
{"timestamp":"2026-10-02T19:50:05.701219","level":"info","event":"Filling up the DagBag from /opt/airflow/dags/user_processing.py","logger":"airflow.models.dagbag.DagBag"}
{"timestamp":"2026-10-02T19:50:16.901474","level":"info","event":"Filling up the DagBag from /opt/airflow/dags/user_processing.py","logger":"airflow.models.dagbag.DagBag"}
{"timestamp":"2026-10-02T19:50:47.238238","level":"info","event":"Filling up the DagBag from /opt/airflow/dags/user_processing.py","logger":"airflow.models.dagbag.DagBag"}
{"timestamp":"2026-10-02T19:51:17.541584","level":"info","event":"Filling up the DagBag from /opt/airflow/dags/user_processing.py","logger":"airflow.models.dagbag.DagBag"}
{"timestamp":"2026-10-02T19:51:47.903131","level":"info","event":"Filling up the DagBag from /opt/airflow/dags/user_processing.py","logger":"airflow.models.dagbag.DagBag"}
{"timestamp":"2026-10-02T19:52:18.208347","level":"info","event":"Filling up the DagBag from /opt/airflow/dags/user_processing.py","logger":"airflow.models.dagbag.DagBag"}
{"timestamp":"2026-10-02T19:52:48.511680","level":"info","event":"Filling up the DagBag from /opt/airflow/dags/user_processing.py","logger":"airflow.models.dagbag.DagBag"}
{"timestamp":"2026-10-02T19:53:18.800505","level":"info","event":"Filling up the DagBag from /opt/airflow/dags/user_processing.py","logger":"airflow.models.dagbag.DagBag"}
{"timestamp":"2026-10-02T19:53:49.152713","level":"info","event":"Filling up the DagBag from /opt/airflow/dags/user_processing.py","logger":"airflow.models.dagbag.DagBag"}
{"timestamp":"2026-10-02T19:54:19.474885","level":"info","event":"Filling up the DagBag from /opt/airflow/dags/user_processing.py","logger":"airflow.models.dagbag.DagBag"}
{"timestamp":"2026-10-02T19:54:49.792201","level":"info","event":"Filling up the DagBag from /opt/airflow/dags/user_processing.py","logger":"airflow.models.dagbag.DagBag"}
{"timestamp":"2026-10-02T19:55:20.127751","level":"info","event":"Filling up the DagBag from /opt/airflow/dags/user_processing.py","logger":"airflow.models.dagbag.DagBag"}
{"timestamp":"2026-10-02T19:55:50.441408","level":"info","event":"Filling up the DagBag from /opt/airflow/dags/user_processing.py","logger":"airflow.models.dagbag.DagBag"}
{"timestamp":"2026-10-02T19:56:20.808960","level":"info","event":"Filling up the DagBag from /opt/airflow/dags/user_processing.py","logger":"airflow.models.dagbag.DagBag"}
{"timestamp":"2026-10-02T19:56:51.108192","level":"info","event":"Filling up the DagBag from /opt/airflow/dags/user_processing.py","logger":"airflow.models.dagbag.DagBag"}
{"timestamp":"2026-10-02T19:57:21.423173","level":"info","event":"Filling up the DagBag from /opt/airflow/dags/user_processing.py","logger":"airflow.models.dagbag.DagBag"}
{"timestamp":"2026-10-02T19:57:51.732995","level":"info","event":"Filling up the DagBag from /opt/airflow/dags/user_processing.py","logger":"airflow.models.dagbag.DagBag"}
{"timestamp":"2026-10-02T19:58:22.116707","level":"info","event":"Filling up the DagBag from /opt/airflow/dags/user_processing.py","logger":"airflow.models.dagbag.DagBag"}
{"timestamp":"2026-10-02T19:58:39.347201","level":"info","event":"Filling up the DagBag from /opt/airflow/dags/user_processing.py","logger":"airflow.models.dagbag.DagBag"}
{"timestamp":"2026-10-02T19:58:40.484162","level":"info","event":"Filling up the DagBag from /opt/airflow/dags/user_processing.py","logger":"airflow.models.dagbag.DagBag"}
{"timestamp":"2026-10-02T19:58:40.527452","level":"error","event":"Failed to import: /opt/airflow/dags/user_processing.py","logger":"airflow.models.dagbag.DagBag","error_detail":[{"exc_type":"NameError","exc_value":"name 'ex' is not defined","exc_notes":[],"syntax_error":null,"is_cause":false,"frames":[{"filename":"/home/airflow/.local/lib/python3.12/site-packages/airflow/models/dagbag.py","lineno":384,"name":"parse"},{"filename":"<frozen importlib._bootstrap_external>","lineno":999,"name":"exec_module"},{"filename":"<frozen importlib._bootstrap>","lineno":488,"name":"_call_with_frames_removed"},{"filename":"/opt/airflow/dags/user_processing.py","lineno":43,"name":"<module>"},{"filename":"/home/airflow/.local/lib/python3.12/site-packages/airflow/sdk/definitions/dag.py","lineno":1138,"name":"factory"},{"filename":"/opt/airflow/dags/user_processing.py","lineno":38,"name":"user_processing"}]}]}
{"timestamp":"2026-10-02T19:58:44.617580","level":"info","event":"Filling up the DagBag from /opt/airflow/dags/user_processing.py","logger":"airflow.models.dagbag.DagBag"}
{"timestamp":"2026-10-02T19:58:44.633489","level":"error","event":"Failed to import: /opt/airflow/dags/user_processing.py","logger":"airflow.models.dagbag.DagBag","error_detail":[{"exc_type":"SyntaxError","exc_value":"invalid syntax (user_processing.py, line 38)","exc_notes":[],"syntax_error":{"offset":18,"filename":"/opt/airflow/dags/user_processing.py","line":"    extract_user=\n","lineno":38,"msg":"invalid syntax"},"is_cause":false,"frames":[{"filename":"/home/airflow/.local/lib/python3.12/site-packages/airflow/models/dagbag.py","lineno":384,"name":"parse"},{"filename":"<frozen importlib._bootstrap_external>","lineno":995,"name":"exec_module"},{"filename":"<frozen importlib._bootstrap_external>","lineno":1133,"name":"get_code"},{"filename":"<frozen importlib._bootstrap_external>","lineno":1063,"name":"source_to_code"},{"filename":"<frozen importlib._bootstrap>","lineno":488,"name":"_call_with_frames_removed"}]}]}
{"timestamp":"2026-10-02T19:58:51.764982","level":"info","event":"Filling up the DagBag from /opt/airflow/dags/user_processing.py","logger":"airflow.models.dagbag.DagBag"}
{"timestamp":"2026-10-02T19:58:51.805445","level":"error","event":"Failed to import: /opt/airflow/dags/user_processing.py","logger":"airflow.models.dagbag.DagBag","error_detail":[{"exc_type":"TypeError","exc_value":"Use keyword arguments when initializing operators","exc_notes":[],"syntax_error":null,"is_cause":false,"frames":[{"filename":"/home/airflow/.local/lib/python3.12/site-packages/airflow/models/dagbag.py","lineno":384,"name":"parse"},{"filename":"<frozen importlib._bootstrap_external>","lineno":999,"name":"exec_module"},{"filename":"<frozen importlib._bootstrap>","lineno":488,"name":"_call_with_frames_removed"},{"filename":"/opt/airflow/dags/user_processing.py","lineno":45,"name":"<module>"},{"filename":"/home/airflow/.local/lib/python3.12/site-packages/airflow/sdk/definitions/dag.py","lineno":1138,"name":"factory"},{"filename":"/opt/airflow/dags/user_processing.py","lineno":38,"name":"user_processing"},{"filename":"/home/airflow/.local/lib/python3.12/site-packages/airflow/sdk/bases/operator.py","lineno":464,"name":"apply_defaults"}]}]}
{"timestamp":"2026-10-02T19:58:53.897557","level":"info","event":"Filling up the DagBag from /opt/airflow/dags/user_processing.py","logger":"airflow.models.dagbag.DagBag"}
{"timestamp":"2026-10-02T19:58:53.918666","level":"error","event":"Failed to import: /opt/airflow/dags/user_processing.py","logger":"airflow.models.dagbag.DagBag","error_detail":[{"exc_type":"SyntaxError","exc_value":"expected argument value expression (user_processing.py, line 39)","exc_notes":[],"syntax_error":{"offset":9,"filename":"/opt/airflow/dags/user_processing.py","line":"        task_id=\n","lineno":39,"msg":"expected argument value expression"},"is_cause":false,"frames":[{"filename":"/home/airflow/.local/lib/python3.12/site-packages/airflow/models/dagbag.py","lineno":384,"name":"parse"},{"filename":"<frozen importlib._bootstrap_external>","lineno":995,"name":"exec_module"},{"filename":"<frozen importlib._bootstrap_external>","lineno":1133,"name":"get_code"},{"filename":"<frozen importlib._bootstrap_external>","lineno":1063,"name":"source_to_code"},{"filename":"<frozen importlib._bootstrap>","lineno":488,"name":"_call_with_frames_removed"}]}]}
{"timestamp":"2026-10-02T19:58:59.028741","level":"info","event":"Filling up the DagBag from /opt/airflow/dags/user_processing.py","logger":"airflow.models.dagbag.DagBag"}
{"timestamp":"2026-10-02T19:58:59.061239","level":"error","event":"Failed to import: /opt/airflow/dags/user_processing.py","logger":"airflow.models.dagbag.DagBag","error_detail":[{"exc_type":"TypeError","exc_value":"missing keyword argument 'python_callable'","exc_notes":[],"syntax_error":null,"is_cause":false,"frames":[{"filename":"/home/airflow/.local/lib/python3.12/site-packages/airflow/models/dagbag.py","lineno":384,"name":"parse"},{"filename":"<frozen importlib._bootstrap_external>","lineno":999,"name":"exec_module"},{"filename":"<frozen importlib._bootstrap>","lineno":488,"name":"_call_with_frames_removed"},{"filename":"/opt/airflow/dags/user_processing.py","lineno":45,"name":"<module>"},{"filename":"/home/airflow/.local/lib/python3.12/site-packages/airflow/sdk/definitions/dag.py","lineno":1138,"name":"factory"},{"filename":"/opt/airflow/dags/user_processing.py","lineno":38,"name":"user_processing"},{"filename":"/home/airflow/.local/lib/python3.12/site-packages/airflow/sdk/bases/operator.py","lineno":496,"name":"apply_defaults"}]}]}
{"timestamp":"2026-10-02T19:59:01.143878","level":"info","event":"Filling up the DagBag from /opt/airflow/dags/user_processing.py","logger":"airflow.models.dagbag.DagBag"}
{"timestamp":"2026-10-02T19:59:01.181040","level":"error","event":"Failed to import: /opt/airflow/dags/user_processing.py","logger":"airflow.models.dagbag.DagBag","error_detail":[{"exc_type":"TypeError","exc_value":"missing keyword argument 'python_callable'","exc_notes":[],"syntax_error":null,"is_cause":false,"frames":[{"filename":"/home/airflow/.local/lib/python3.12/site-packages/airflow/models/dagbag.py","lineno":384,"name":"parse"},{"filename":"<frozen importlib._bootstrap_external>","lineno":999,"name":"exec_module"},{"filename":"<frozen importlib._bootstrap>","lineno":488,"name":"_call_with_frames_removed"},{"filename":"/opt/airflow/dags/user_processing.py","lineno":46,"name":"<module>"},{"filename":"/home/airflow/.local/lib/python3.12/site-packages/airflow/sdk/definitions/dag.py","lineno":1138,"name":"factory"},{"filename":"/opt/airflow/dags/user_processing.py","lineno":38,"name":"user_processing"},{"filename":"/home/airflow/.local/lib/python3.12/site-packages/airflow/sdk/bases/operator.py","lineno":496,"name":"apply_defaults"}]}]}
{"timestamp":"2026-10-02T19:59:08.297189","level":"info","event":"Filling up the DagBag from /opt/airflow/dags/user_processing.py","logger":"airflow.models.dagbag.DagBag"}
{"timestamp":"2026-10-02T19:59:08.320088","level":"error","event":"Failed to import: /opt/airflow/dags/user_processing.py","logger":"airflow.models.dagbag.DagBag","error_detail":[{"exc_type":"SyntaxError","exc_value":"expected argument value expression (user_processing.py, line 40)","exc_notes":[],"syntax_error":{"offset":9,"filename":"/opt/airflow/dags/user_processing.py","line":"        python_callable=\n","lineno":40,"msg":"expected argument value expression"},"is_cause":false,"frames":[{"filename":"/home/airflow/.local/lib/python3.12/site-packages/airflow/models/dagbag.py","lineno":384,"name":"parse"},{"filename":"<frozen importlib._bootstrap_external>","lineno":995,"name":"exec_module"},{"filename":"<frozen importlib._bootstrap_external>","lineno":1133,"name":"get_code"},{"filename":"<frozen importlib._bootstrap_external>","lineno":1063,"name":"source_to_code"},{"filename":"<frozen importlib._bootstrap>","lineno":488,"name":"_call_with_frames_removed"}]}]}
{"timestamp":"2026-10-02T19:59:16.440366","level":"info","event":"Filling up the DagBag from /opt/airflow/dags/user_processing.py","logger":"airflow.models.dagbag.DagBag"}
{"timestamp":"2026-10-02T19:59:16.478618","level":"error","event":"Failed to import: /opt/airflow/dags/user_processing.py","logger":"airflow.models.dagbag.DagBag","error_detail":[{"exc_type":"NameError","exc_value":"name '_extract_' is not defined","exc_notes":[],"syntax_error":null,"is_cause":false,"frames":[{"filename":"/home/airflow/.local/lib/python3.12/site-packages/airflow/models/dagbag.py","lineno":384,"name":"parse"},{"filename":"<frozen importlib._bootstrap_external>","lineno":999,"name":"exec_module"},{"filename":"<frozen importlib._bootstrap>","lineno":488,"name":"_call_with_frames_removed"},{"filename":"/opt/airflow/dags/user_processing.py","lineno":46,"name":"<module>"},{"filename":"/home/airflow/.local/lib/python3.12/site-packages/airflow/sdk/definitions/dag.py","lineno":1138,"name":"factory"},{"filename":"/opt/airflow/dags/user_processing.py","lineno":40,"name":"user_processing"}]}]}
{"timestamp":"2026-10-02T19:59:17.551189","level":"info","event":"Filling up the DagBag from /opt/airflow/dags/user_processing.py","logger":"airflow.models.dagbag.DagBag"}
{"timestamp":"2026-10-02T19:59:17.592468","level":"error","event":"Failed to import: /opt/airflow/dags/user_processing.py","logger":"airflow.models.dagbag.DagBag","error_detail":[{"exc_type":"NameError","exc_value":"name '_extract_user' is not defined","exc_notes":[],"syntax_error":null,"is_cause":false,"frames":[{"filename":"/home/airflow/.local/lib/python3.12/site-packages/airflow/models/dagbag.py","lineno":384,"name":"parse"},{"filename":"<frozen importlib._bootstrap_external>","lineno":999,"name":"exec_module"},{"filename":"<frozen importlib._bootstrap>","lineno":488,"name":"_call_with_frames_removed"},{"filename":"/opt/airflow/dags/user_processing.py","lineno":46,"name":"<module>"},{"filename":"/home/airflow/.local/lib/python3.12/site-packages/airflow/sdk/definitions/dag.py","lineno":1138,"name":"factory"},{"filename":"/opt/airflow/dags/user_processing.py","lineno":40,"name":"user_processing"}]}]}
{"timestamp":"2026-10-02T19:59:28.721877","level":"info","event":"Filling up the DagBag from /opt/airflow/dags/user_processing.py","logger":"airflow.models.dagbag.DagBag"}
{"timestamp":"2026-10-02T19:59:28.757976","level":"error","event":"Failed to import: /opt/airflow/dags/user_processing.py","logger":"airflow.models.dagbag.DagBag","error_detail":[{"exc_type":"NameError","exc_value":"name '_extract_user' is not defined","exc_notes":[],"syntax_error":null,"is_cause":false,"frames":[{"filename":"/home/airflow/.local/lib/python3.12/site-packages/airflow/models/dagbag.py","lineno":384,"name":"parse"},{"filename":"<frozen importlib._bootstrap_external>","lineno":999,"name":"exec_module"},{"filename":"<frozen importlib._bootstrap>","lineno":488,"name":"_call_with_frames_removed"},{"filename":"/opt/airflow/dags/user_processing.py","lineno":47,"name":"<module>"},{"filename":"/home/airflow/.local/lib/python3.12/site-packages/airflow/sdk/definitions/dag.py","lineno":1138,"name":"factory"},{"filename":"/opt/airflow/dags/user_processing.py","lineno":41,"name":"user_processing"}]}]}
{"timestamp":"2026-10-02T19:59:31.847471","level":"info","event":"Filling up the DagBag from /opt/airflow/dags/user_processing.py","logger":"airflow.models.dagbag.DagBag"}
{"timestamp":"2026-10-02T19:59:31.869241","level":"error","event":"Failed to import: /opt/airflow/dags/user_processing.py","logger":"airflow.models.dagbag.DagBag","error_detail":[{"exc_type":"SyntaxError","exc_value":"invalid syntax (user_processing.py, line 7)","exc_notes":[],"syntax_error":{"offset":5,"filename":"/opt/airflow/dags/user_processing.py","line":"def \n","lineno":7,"msg":"invalid syntax"},"is_cause":false,"frames":[{"filename":"/home/airflow/.local/lib/python3.12/site-packages/airflow/models/dagbag.py","lineno":384,"name":"parse"},{"filename":"<frozen importlib._bootstrap_external>","lineno":995,"name":"exec_module"},{"filename":"<frozen importlib._bootstrap_external>","lineno":1133,"name":"get_code"},{"filename":"<frozen importlib._bootstrap_external>","lineno":1063,"name":"source_to_code"},{"filename":"<frozen importlib._bootstrap>","lineno":488,"name":"_call_with_frames_removed"}]}]}
{"timestamp":"2026-10-02T19:59:35.981700","level":"info","event":"Filling up the DagBag from /opt/airflow/dags/user_processing.py","logger":"airflow.models.dagbag.DagBag"}
{"timestamp":"2026-10-02T19:59:35.995148","level":"error","event":"Failed to import: /opt/airflow/dags/user_processing.py","logger":"airflow.models.dagbag.DagBag","error_detail":[{"exc_type":"SyntaxError","exc_value":"expected ':' (user_processing.py, line 7)","exc_notes":[],"syntax_error":{"offset":20,"filename":"/opt/airflow/dags/user_processing.py","line":"def _extract_user()\n","lineno":7,"msg":"expected ':'"},"is_cause":false,"frames":[{"filename":"/home/airflow/.local/lib/python3.12/site-packages/airflow/models/dagbag.py","lineno":384,"name":"parse"},{"filename":"<frozen importlib._bootstrap_external>","lineno":995,"name":"exec_module"},{"filename":"<frozen importlib._bootstrap_external>","lineno":1133,"name":"get_code"},{"filename":"<frozen importlib._bootstrap_external>","lineno":1063,"name":"source_to_code"},{"filename":"<frozen importlib._bootstrap>","lineno":488,"name":"_call_with_frames_removed"}]}]}
{"timestamp":"2026-10-02T19:59:38.076081","level":"info","event":"Filling up the DagBag from /opt/airflow/dags/user_processing.py","logger":"airflow.models.dagbag.DagBag"}
{"timestamp":"2026-10-02T19:59:38.092429","level":"error","event":"Failed to import: /opt/airflow/dags/user_processing.py","logger":"airflow.models.dagbag.DagBag","error_detail":[{"exc_type":"IndentationError","exc_value":"expected an indented block after function definition on line 7 (user_processing.py, line 11)","exc_notes":[],"syntax_error":{"offset":1,"filename":"/opt/airflow/dags/user_processing.py","line":"@dag\n","lineno":11,"msg":"expected an indented block after function definition on line 7"},"is_cause":false,"frames":[{"filename":"/home/airflow/.local/lib/python3.12/site-packages/airflow/models/dagbag.py","lineno":384,"name":"parse"},{"filename":"<frozen importlib._bootstrap_external>","lineno":995,"name":"exec_module"},{"filename":"<frozen importlib._bootstrap_external>","lineno":1133,"name":"get_code"},{"filename":"<frozen importlib._bootstrap_external>","lineno":1063,"name":"source_to_code"},{"filename":"<frozen importlib._bootstrap>","lineno":488,"name":"_call_with_frames_removed"}]}]}
{"timestamp":"2026-10-02T19:59:57.281064","level":"info","event":"Filling up the DagBag from /opt/airflow/dags/user_processing.py","logger":"airflow.models.dagbag.DagBag"}
{"timestamp":"2026-10-02T19:59:57.295657","level":"error","event":"Failed to import: /opt/airflow/dags/user_processing.py","logger":"airflow.models.dagbag.DagBag","error_detail":[{"exc_type":"IndentationError","exc_value":"expected an indented block after function definition on line 7 (user_processing.py, line 11)","exc_notes":[],"syntax_error":{"offset":1,"filename":"/opt/airflow/dags/user_processing.py","line":"@dag\n","lineno":11,"msg":"expected an indented block after function definition on line 7"},"is_cause":false,"frames":[{"filename":"/home/airflow/.local/lib/python3.12/site-packages/airflow/models/dagbag.py","lineno":384,"name":"parse"},{"filename":"<frozen importlib._bootstrap_external>","lineno":995,"name":"exec_module"},{"filename":"<frozen importlib._bootstrap_external>","lineno":1133,"name":"get_code"},{"filename":"<frozen importlib._bootstrap_external>","lineno":1063,"name":"source_to_code"},{"filename":"<frozen importlib._bootstrap>","lineno":488,"name":"_call_with_frames_removed"}]}]}
{"timestamp":"2026-10-02T20:00:00.377959","level":"info","event":"Filling up the DagBag from /opt/airflow/dags/user_processing.py","logger":"airflow.models.dagbag.DagBag"}
{"timestamp":"2026-10-02T20:00:00.394081","level":"error","event":"Failed to import: /opt/airflow/dags/user_processing.py","logger":"airflow.models.dagbag.DagBag","error_detail":[{"exc_type":"IndentationError","exc_value":"expected an indented block after function definition on line 7 (user_processing.py, line 11)","exc_notes":[],"syntax_error":{"offset":1,"filename":"/opt/airflow/dags/user_processing.py","line":"@dag\n","lineno":11,"msg":"expected an indented block after function definition on line 7"},"is_cause":false,"frames":[{"filename":"/home/airflow/.local/lib/python3.12/site-packages/airflow/models/dagbag.py","lineno":384,"name":"parse"},{"filename":"<frozen importlib._bootstrap_external>","lineno":995,"name":"exec_module"},{"filename":"<frozen importlib._bootstrap_external>","lineno":1133,"name":"get_code"},{"filename":"<frozen importlib._bootstrap_external>","lineno":1063,"name":"source_to_code"},{"filename":"<frozen importlib._bootstrap>","lineno":488,"name":"_call_with_frames_removed"}]}]}
{"timestamp":"2026-10-02T20:00:10.531450","level":"info","event":"Filling up the DagBag from /opt/airflow/dags/user_processing.py","logger":"airflow.models.dagbag.DagBag"}
{"timestamp":"2026-10-02T20:00:10.543782","level":"error","event":"Failed to import: /opt/airflow/dags/user_processing.py","logger":"airflow.models.dagbag.DagBag","error_detail":[{"exc_type":"SyntaxError","exc_value":"invalid syntax (user_processing.py, line 8)","exc_notes":[],"syntax_error":{"offset":15,"filename":"/opt/airflow/dags/user_processing.py","line":"    fake_user=\n","lineno":8,"msg":"invalid syntax"},"is_cause":false,"frames":[{"filename":"/home/airflow/.local/lib/python3.12/site-packages/airflow/models/dagbag.py","lineno":384,"name":"parse"},{"filename":"<frozen importlib._bootstrap_external>","lineno":995,"name":"exec_module"},{"filename":"<frozen importlib._bootstrap_external>","lineno":1133,"name":"get_code"},{"filename":"<frozen importlib._bootstrap_external>","lineno":1063,"name":"source_to_code"},{"filename":"<frozen importlib._bootstrap>","lineno":488,"name":"_call_with_frames_removed"}]}]}
{"timestamp":"2026-10-02T20:00:16.645509","level":"info","event":"Filling up the DagBag from /opt/airflow/dags/user_processing.py","logger":"airflow.models.dagbag.DagBag"}
{"timestamp":"2026-10-02T20:00:24.835939","level":"info","event":"Filling up the DagBag from /opt/airflow/dags/user_processing.py","logger":"airflow.models.dagbag.DagBag"}
{"timestamp":"2026-10-02T20:00:27.971598","level":"info","event":"Filling up the DagBag from /opt/airflow/dags/user_processing.py","logger":"airflow.models.dagbag.DagBag"}
{"timestamp":"2026-10-02T20:00:32.130682","level":"info","event":"Filling up the DagBag from /opt/airflow/dags/user_processing.py","logger":"airflow.models.dagbag.DagBag"}
{"timestamp":"2026-10-02T20:00:35.257231","level":"info","event":"Filling up the DagBag from /opt/airflow/dags/user_processing.py","logger":"airflow.models.dagbag.DagBag"}
{"timestamp":"2026-10-02T20:00:38.397861","level":"info","event":"Filling up the DagBag from /opt/airflow/dags/user_processing.py","logger":"airflow.models.dagbag.DagBag"}
{"timestamp":"2026-10-02T20:00:44.572939","level":"info","event":"Filling up the DagBag from /opt/airflow/dags/user_processing.py","logger":"airflow.models.dagbag.DagBag"}
{"timestamp":"2026-10-02T20:00:44.588923","level":"error","event":"Failed to import: /opt/airflow/dags/user_processing.py","logger":"airflow.models.dagbag.DagBag","error_detail":[{"exc_type":"SyntaxError","exc_value":"expected argument value expression (user_processing.py, line 8)","exc_notes":[],"syntax_error":{"offset":28,"filename":"/opt/airflow/dags/user_processing.py","line":"    fake_user=ti.xcom_pull(task_ids=)\n","lineno":8,"msg":"expected argument value expression"},"is_cause":false,"frames":[{"filename":"/home/airflow/.local/lib/python3.12/site-packages/airflow/models/dagbag.py","lineno":384,"name":"parse"},{"filename":"<frozen importlib._bootstrap_external>","lineno":995,"name":"exec_module"},{"filename":"<frozen importlib._bootstrap_external>","lineno":1133,"name":"get_code"},{"filename":"<frozen importlib._bootstrap_external>","lineno":1063,"name":"source_to_code"},{"filename":"<frozen importlib._bootstrap>","lineno":488,"name":"_call_with_frames_removed"}]}]}
{"timestamp":"2026-10-02T20:00:46.669815","level":"info","event":"Filling up the DagBag from /opt/airflow/dags/user_processing.py","logger":"airflow.models.dagbag.DagBag"}
{"timestamp":"2026-10-02T20:00:51.812575","level":"info","event":"Filling up the DagBag from /opt/airflow/dags/user_processing.py","logger":"airflow.models.dagbag.DagBag"}
{"timestamp":"2026-10-02T20:00:52.939747","level":"info","event":"Filling up the DagBag from /opt/airflow/dags/user_processing.py","logger":"airflow.models.dagbag.DagBag"}
{"timestamp":"2026-10-02T20:01:01.102550","level":"info","event":"Filling up the DagBag from /opt/airflow/dags/user_processing.py","logger":"airflow.models.dagbag.DagBag"}
{"timestamp":"2026-10-02T20:01:05.260111","level":"info","event":"Filling up the DagBag from /opt/airflow/dags/user_processing.py","logger":"airflow.models.dagbag.DagBag"}
{"timestamp":"2026-10-02T20:01:09.394457","level":"info","event":"Filling up the DagBag from /opt/airflow/dags/user_processing.py","logger":"airflow.models.dagbag.DagBag"}
{"timestamp":"2026-10-02T20:01:11.527989","level":"info","event":"Filling up the DagBag from /opt/airflow/dags/user_processing.py","logger":"airflow.models.dagbag.DagBag"}
{"timestamp":"2026-10-02T20:01:12.655151","level":"info","event":"Filling up the DagBag from /opt/airflow/dags/user_processing.py","logger":"airflow.models.dagbag.DagBag"}
{"timestamp":"2026-10-02T20:01:12.667753","level":"error","event":"Failed to import: /opt/airflow/dags/user_processing.py","logger":"airflow.models.dagbag.DagBag","error_detail":[{"exc_type":"SyntaxError","exc_value":"unterminated string literal (detected at line 10) (user_processing.py, line 10)","exc_notes":[],"syntax_error":{"offset":9,"filename":"/opt/airflow/dags/user_processing.py","line":"        \"id","lineno":10,"msg":"unterminated string literal (detected at line 10)"},"is_cause":false,"frames":[{"filename":"/home/airflow/.local/lib/python3.12/site-packages/airflow/models/dagbag.py","lineno":384,"name":"parse"},{"filename":"<frozen importlib._bootstrap_external>","lineno":995,"name":"exec_module"},{"filename":"<frozen importlib._bootstrap_external>","lineno":1133,"name":"get_code"},{"filename":"<frozen importlib._bootstrap_external>","lineno":1063,"name":"source_to_code"},{"filename":"<frozen importlib._bootstrap>","lineno":488,"name":"_call_with_frames_removed"}]}]}
{"timestamp":"2026-10-02T20:01:14.773922","level":"info","event":"Filling up the DagBag from /opt/airflow/dags/user_processing.py","logger":"airflow.models.dagbag.DagBag"}
{"timestamp":"2026-10-02T20:01:14.791640","level":"error","event":"Failed to import: /opt/airflow/dags/user_processing.py","logger":"airflow.models.dagbag.DagBag","error_detail":[{"exc_type":"SyntaxError","exc_value":"unterminated string literal (detected at line 10) (user_processing.py, line 10)","exc_notes":[],"syntax_error":{"offset":9,"filename":"/opt/airflow/dags/user_processing.py","line":"        \"id","lineno":10,"msg":"unterminated string literal (detected at line 10)"},"is_cause":false,"frames":[{"filename":"/home/airflow/.local/lib/python3.12/site-packages/airflow/models/dagbag.py","lineno":384,"name":"parse"},{"filename":"<frozen importlib._bootstrap_external>","lineno":995,"name":"exec_module"},{"filename":"<frozen importlib._bootstrap_external>","lineno":1133,"name":"get_code"},{"filename":"<frozen importlib._bootstrap_external>","lineno":1063,"name":"source_to_code"},{"filename":"<frozen importlib._bootstrap>","lineno":488,"name":"_call_with_frames_removed"}]}]}
{"timestamp":"2026-10-02T20:01:17.918218","level":"info","event":"Filling up the DagBag from /opt/airflow/dags/user_processing.py","logger":"airflow.models.dagbag.DagBag"}
{"timestamp":"2026-10-02T20:01:17.940819","level":"error","event":"Failed to import: /opt/airflow/dags/user_processing.py","logger":"airflow.models.dagbag.DagBag","error_detail":[{"exc_type":"SyntaxError","exc_value":"unterminated string literal (detected at line 10) (user_processing.py, line 10)","exc_notes":[],"syntax_error":{"offset":9,"filename":"/opt/airflow/dags/user_processing.py","line":"        \"id","lineno":10,"msg":"unterminated string literal (detected at line 10)"},"is_cause":false,"frames":[{"filename":"/home/airflow/.local/lib/python3.12/site-packages/airflow/models/dagbag.py","lineno":384,"name":"parse"},{"filename":"<frozen importlib._bootstrap_external>","lineno":995,"name":"exec_module"},{"filename":"<frozen importlib._bootstrap_external>","lineno":1133,"name":"get_code"},{"filename":"<frozen importlib._bootstrap_external>","lineno":1063,"name":"source_to_code"},{"filename":"<frozen importlib._bootstrap>","lineno":488,"name":"_call_with_frames_removed"}]}]}
{"timestamp":"2026-10-02T20:01:21.022906","level":"info","event":"Filling up the DagBag from /opt/airflow/dags/user_processing.py","logger":"airflow.models.dagbag.DagBag"}
{"timestamp":"2026-10-02T20:01:22.153678","level":"info","event":"Filling up the DagBag from /opt/airflow/dags/user_processing.py","logger":"airflow.models.dagbag.DagBag"}
{"timestamp":"2026-10-02T20:01:24.268447","level":"info","event":"Filling up the DagBag from /opt/airflow/dags/user_processing.py","logger":"airflow.models.dagbag.DagBag"}
{"timestamp":"2026-10-02T20:01:24.279910","level":"error","event":"Failed to import: /opt/airflow/dags/user_processing.py","logger":"airflow.models.dagbag.DagBag","error_detail":[{"exc_type":"SyntaxError","exc_value":"expression expected after dictionary key and ':' (user_processing.py, line 10)","exc_notes":[],"syntax_error":{"offset":13,"filename":"/opt/airflow/dags/user_processing.py","line":"        \"id\":\n","lineno":10,"msg":"expression expected after dictionary key and ':'"},"is_cause":false,"frames":[{"filename":"/home/airflow/.local/lib/python3.12/site-packages/airflow/models/dagbag.py","lineno":384,"name":"parse"},{"filename":"<frozen importlib._bootstrap_external>","lineno":995,"name":"exec_module"},{"filename":"<frozen importlib._bootstrap_external>","lineno":1133,"name":"get_code"},{"filename":"<frozen importlib._bootstrap_external>","lineno":1063,"name":"source_to_code"},{"filename":"<frozen importlib._bootstrap>","lineno":488,"name":"_call_with_frames_removed"}]}]}
{"timestamp":"2026-10-02T20:01:31.395675","level":"info","event":"Filling up the DagBag from /opt/airflow/dags/user_processing.py","logger":"airflow.models.dagbag.DagBag"}
{"timestamp":"2026-10-02T20:01:33.533273","level":"info","event":"Filling up the DagBag from /opt/airflow/dags/user_processing.py","logger":"airflow.models.dagbag.DagBag"}
{"timestamp":"2026-10-02T20:01:44.724332","level":"info","event":"Filling up the DagBag from /opt/airflow/dags/user_processing.py","logger":"airflow.models.dagbag.DagBag"}
{"timestamp":"2026-10-02T20:01:44.740288","level":"error","event":"Failed to import: /opt/airflow/dags/user_processing.py","logger":"airflow.models.dagbag.DagBag","error_detail":[{"exc_type":"SyntaxError","exc_value":"':' expected after dictionary key (user_processing.py, line 11)","exc_notes":[],"syntax_error":{"offset":19,"filename":"/opt/airflow/dags/user_processing.py","line":"        \"firstname\"\n","lineno":11,"msg":"':' expected after dictionary key"},"is_cause":false,"frames":[{"filename":"/home/airflow/.local/lib/python3.12/site-packages/airflow/models/dagbag.py","lineno":384,"name":"parse"},{"filename":"<frozen importlib._bootstrap_external>","lineno":995,"name":"exec_module"},{"filename":"<frozen importlib._bootstrap_external>","lineno":1133,"name":"get_code"},{"filename":"<frozen importlib._bootstrap_external>","lineno":1063,"name":"source_to_code"},{"filename":"<frozen importlib._bootstrap>","lineno":488,"name":"_call_with_frames_removed"}]}]}
{"timestamp":"2026-10-02T20:01:48.009051","level":"info","event":"Filling up the DagBag from /opt/airflow/dags/user_processing.py","logger":"airflow.models.dagbag.DagBag"}
{"timestamp":"2026-10-02T20:01:48.037096","level":"error","event":"Failed to import: /opt/airflow/dags/user_processing.py","logger":"airflow.models.dagbag.DagBag","error_detail":[{"exc_type":"SyntaxError","exc_value":"invalid syntax. Perhaps you forgot a comma? (user_processing.py, line 11)","exc_notes":[],"syntax_error":{"offset":23,"filename":"/opt/airflow/dags/user_processing.py","line":"        \"firstname\" : fake_user[]\n","lineno":11,"msg":"invalid syntax. Perhaps you forgot a comma?"},"is_cause":false,"frames":[{"filename":"/home/airflow/.local/lib/python3.12/site-packages/airflow/models/dagbag.py","lineno":384,"name":"parse"},{"filename":"<frozen importlib._bootstrap_external>","lineno":995,"name":"exec_module"},{"filename":"<frozen importlib._bootstrap_external>","lineno":1133,"name":"get_code"},{"filename":"<frozen importlib._bootstrap_external>","lineno":1063,"name":"source_to_code"},{"filename":"<frozen importlib._bootstrap>","lineno":488,"name":"_call_with_frames_removed"}]}]}
{"timestamp":"2026-10-02T20:01:55.154942","level":"info","event":"Filling up the DagBag from /opt/airflow/dags/user_processing.py","logger":"airflow.models.dagbag.DagBag"}
{"timestamp":"2026-10-02T20:01:58.289942","level":"info","event":"Filling up the DagBag from /opt/airflow/dags/user_processing.py","logger":"airflow.models.dagbag.DagBag"}
{"timestamp":"2026-10-02T20:02:03.444546","level":"info","event":"Filling up the DagBag from /opt/airflow/dags/user_processing.py","logger":"airflow.models.dagbag.DagBag"}
{"timestamp":"2026-10-02T20:02:05.568659","level":"info","event":"Filling up the DagBag from /opt/airflow/dags/user_processing.py","logger":"airflow.models.dagbag.DagBag"}
{"timestamp":"2026-10-02T20:02:09.730888","level":"info","event":"Filling up the DagBag from /opt/airflow/dags/user_processing.py","logger":"airflow.models.dagbag.DagBag"}
{"timestamp":"2026-10-02T20:02:09.743382","level":"error","event":"Failed to import: /opt/airflow/dags/user_processing.py","logger":"airflow.models.dagbag.DagBag","error_detail":[{"exc_type":"SyntaxError","exc_value":"':' expected after dictionary key (user_processing.py, line 12)","exc_notes":[],"syntax_error":{"offset":14,"filename":"/opt/airflow/dags/user_processing.py","line":"        \"last\"\n","lineno":12,"msg":"':' expected after dictionary key"},"is_cause":false,"frames":[{"filename":"/home/airflow/.local/lib/python3.12/site-packages/airflow/models/dagbag.py","lineno":384,"name":"parse"},{"filename":"<frozen importlib._bootstrap_external>","lineno":995,"name":"exec_module"},{"filename":"<frozen importlib._bootstrap_external>","lineno":1133,"name":"get_code"},{"filename":"<frozen importlib._bootstrap_external>","lineno":1063,"name":"source_to_code"},{"filename":"<frozen importlib._bootstrap>","lineno":488,"name":"_call_with_frames_removed"}]}]}
{"timestamp":"2026-10-02T20:02:11.819631","level":"info","event":"Filling up the DagBag from /opt/airflow/dags/user_processing.py","logger":"airflow.models.dagbag.DagBag"}
{"timestamp":"2026-10-02T20:02:11.837391","level":"error","event":"Failed to import: /opt/airflow/dags/user_processing.py","logger":"airflow.models.dagbag.DagBag","error_detail":[{"exc_type":"SyntaxError","exc_value":"':' expected after dictionary key (user_processing.py, line 12)","exc_notes":[],"syntax_error":{"offset":18,"filename":"/opt/airflow/dags/user_processing.py","line":"        \"lastname\"\n","lineno":12,"msg":"':' expected after dictionary key"},"is_cause":false,"frames":[{"filename":"/home/airflow/.local/lib/python3.12/site-packages/airflow/models/dagbag.py","lineno":384,"name":"parse"},{"filename":"<frozen importlib._bootstrap_external>","lineno":995,"name":"exec_module"},{"filename":"<frozen importlib._bootstrap_external>","lineno":1133,"name":"get_code"},{"filename":"<frozen importlib._bootstrap_external>","lineno":1063,"name":"source_to_code"},{"filename":"<frozen importlib._bootstrap>","lineno":488,"name":"_call_with_frames_removed"}]}]}
{"timestamp":"2026-10-02T20:02:17.943288","level":"info","event":"Filling up the DagBag from /opt/airflow/dags/user_processing.py","logger":"airflow.models.dagbag.DagBag"}
{"timestamp":"2026-10-02T20:02:17.958130","level":"error","event":"Failed to import: /opt/airflow/dags/user_processing.py","logger":"airflow.models.dagbag.DagBag","error_detail":[{"exc_type":"SyntaxError","exc_value":"':' expected after dictionary key (user_processing.py, line 12)","exc_notes":[],"syntax_error":{"offset":18,"filename":"/opt/airflow/dags/user_processing.py","line":"        \"lastname\" \n","lineno":12,"msg":"':' expected after dictionary key"},"is_cause":false,"frames":[{"filename":"/home/airflow/.local/lib/python3.12/site-packages/airflow/models/dagbag.py","lineno":384,"name":"parse"},{"filename":"<frozen importlib._bootstrap_external>","lineno":995,"name":"exec_module"},{"filename":"<frozen importlib._bootstrap_external>","lineno":1133,"name":"get_code"},{"filename":"<frozen importlib._bootstrap_external>","lineno":1063,"name":"source_to_code"},{"filename":"<frozen importlib._bootstrap>","lineno":488,"name":"_call_with_frames_removed"}]}]}
{"timestamp":"2026-10-02T20:02:23.052968","level":"info","event":"Filling up the DagBag from /opt/airflow/dags/user_processing.py","logger":"airflow.models.dagbag.DagBag"}
{"timestamp":"2026-10-02T20:02:23.067721","level":"error","event":"Failed to import: /opt/airflow/dags/user_processing.py","logger":"airflow.models.dagbag.DagBag","error_detail":[{"exc_type":"SyntaxError","exc_value":"expression expected after dictionary key and ':' (user_processing.py, line 12)","exc_notes":[],"syntax_error":{"offset":20,"filename":"/opt/airflow/dags/user_processing.py","line":"        \"lastname\" : \n","lineno":12,"msg":"expression expected after dictionary key and ':'"},"is_cause":false,"frames":[{"filename":"/home/airflow/.local/lib/python3.12/site-packages/airflow/models/dagbag.py","lineno":384,"name":"parse"},{"filename":"<frozen importlib._bootstrap_external>","lineno":995,"name":"exec_module"},{"filename":"<frozen importlib._bootstrap_external>","lineno":1133,"name":"get_code"},{"filename":"<frozen importlib._bootstrap_external>","lineno":1063,"name":"source_to_code"},{"filename":"<frozen importlib._bootstrap>","lineno":488,"name":"_call_with_frames_removed"}]}]}
{"timestamp":"2026-10-02T20:02:30.251323","level":"info","event":"Filling up the DagBag from /opt/airflow/dags/user_processing.py","logger":"airflow.models.dagbag.DagBag"}
{"timestamp":"2026-10-02T20:02:33.425318","level":"info","event":"Filling up the DagBag from /opt/airflow/dags/user_processing.py","logger":"airflow.models.dagbag.DagBag"}
{"timestamp":"2026-10-02T20:02:36.553580","level":"info","event":"Filling up the DagBag from /opt/airflow/dags/user_processing.py","logger":"airflow.models.dagbag.DagBag"}
{"timestamp":"2026-10-02T20:02:36.570213","level":"error","event":"Failed to import: /opt/airflow/dags/user_processing.py","logger":"airflow.models.dagbag.DagBag","error_detail":[{"exc_type":"SyntaxError","exc_value":"invalid syntax. Perhaps you forgot a comma? (user_processing.py, line 12)","exc_notes":[],"syntax_error":{"offset":22,"filename":"/opt/airflow/dags/user_processing.py","line":"        \"lastname\" : fake_user[\"personalInfo\"][]\n","lineno":12,"msg":"invalid syntax. Perhaps you forgot a comma?"},"is_cause":false,"frames":[{"filename":"/home/airflow/.local/lib/python3.12/site-packages/airflow/models/dagbag.py","lineno":384,"name":"parse"},{"filename":"<frozen importlib._bootstrap_external>","lineno":995,"name":"exec_module"},{"filename":"<frozen importlib._bootstrap_external>","lineno":1133,"name":"get_code"},{"filename":"<frozen importlib._bootstrap_external>","lineno":1063,"name":"source_to_code"},{"filename":"<frozen importlib._bootstrap>","lineno":488,"name":"_call_with_frames_removed"}]}]}
{"timestamp":"2026-10-02T20:02:37.637065","level":"info","event":"Filling up the DagBag from /opt/airflow/dags/user_processing.py","logger":"airflow.models.dagbag.DagBag"}
{"timestamp":"2026-10-02T20:02:40.782732","level":"info","event":"Filling up the DagBag from /opt/airflow/dags/user_processing.py","logger":"airflow.models.dagbag.DagBag"}
{"timestamp":"2026-10-02T20:02:45.931500","level":"info","event":"Filling up the DagBag from /opt/airflow/dags/user_processing.py","logger":"airflow.models.dagbag.DagBag"}
{"timestamp":"2026-10-02T20:02:45.953266","level":"error","event":"Failed to import: /opt/airflow/dags/user_processing.py","logger":"airflow.models.dagbag.DagBag","error_detail":[{"exc_type":"SyntaxError","exc_value":"':' expected after dictionary key (user_processing.py, line 13)","exc_notes":[],"syntax_error":{"offset":15,"filename":"/opt/airflow/dags/user_processing.py","line":"        \"email\"\n","lineno":13,"msg":"':' expected after dictionary key"},"is_cause":false,"frames":[{"filename":"/home/airflow/.local/lib/python3.12/site-packages/airflow/models/dagbag.py","lineno":384,"name":"parse"},{"filename":"<frozen importlib._bootstrap_external>","lineno":995,"name":"exec_module"},{"filename":"<frozen importlib._bootstrap_external>","lineno":1133,"name":"get_code"},{"filename":"<frozen importlib._bootstrap_external>","lineno":1063,"name":"source_to_code"},{"filename":"<frozen importlib._bootstrap>","lineno":488,"name":"_call_with_frames_removed"}]}]}
{"timestamp":"2026-10-02T20:02:49.040802","level":"info","event":"Filling up the DagBag from /opt/airflow/dags/user_processing.py","logger":"airflow.models.dagbag.DagBag"}
{"timestamp":"2026-10-02T20:02:51.175707","level":"info","event":"Filling up the DagBag from /opt/airflow/dags/user_processing.py","logger":"airflow.models.dagbag.DagBag"}
{"timestamp":"2026-10-02T20:02:52.320034","level":"info","event":"Filling up the DagBag from /opt/airflow/dags/user_processing.py","logger":"airflow.models.dagbag.DagBag"}
{"timestamp":"2026-10-02T20:02:52.336808","level":"error","event":"Failed to import: /opt/airflow/dags/user_processing.py","logger":"airflow.models.dagbag.DagBag","error_detail":[{"exc_type":"SyntaxError","exc_value":"invalid syntax. Perhaps you forgot a comma? (user_processing.py, line 13)","exc_notes":[],"syntax_error":{"offset":19,"filename":"/opt/airflow/dags/user_processing.py","line":"        \"email\" : fake_user[]\n","lineno":13,"msg":"invalid syntax. Perhaps you forgot a comma?"},"is_cause":false,"frames":[{"filename":"/home/airflow/.local/lib/python3.12/site-packages/airflow/models/dagbag.py","lineno":384,"name":"parse"},{"filename":"<frozen importlib._bootstrap_external>","lineno":995,"name":"exec_module"},{"filename":"<frozen importlib._bootstrap_external>","lineno":1133,"name":"get_code"},{"filename":"<frozen importlib._bootstrap_external>","lineno":1063,"name":"source_to_code"},{"filename":"<frozen importlib._bootstrap>","lineno":488,"name":"_call_with_frames_removed"}]}]}
{"timestamp":"2026-10-02T20:03:01.489337","level":"info","event":"Filling up the DagBag from /opt/airflow/dags/user_processing.py","logger":"airflow.models.dagbag.DagBag"}
{"timestamp":"2026-10-02T20:03:10.662822","level":"info","event":"Filling up the DagBag from /opt/airflow/dags/user_processing.py","logger":"airflow.models.dagbag.DagBag"}
{"timestamp":"2026-10-02T20:03:40.971135","level":"info","event":"Filling up the DagBag from /opt/airflow/dags/user_processing.py","logger":"airflow.models.dagbag.DagBag"}
{"timestamp":"2026-10-02T20:04:11.256174","level":"info","event":"Filling up the DagBag from /opt/airflow/dags/user_processing.py","logger":"airflow.models.dagbag.DagBag"}
{"timestamp":"2026-10-02T20:04:18.412025","level":"info","event":"Filling up the DagBag from /opt/airflow/dags/user_processing.py","logger":"airflow.models.dagbag.DagBag"}
{"timestamp":"2026-10-02T20:04:18.429495","level":"error","event":"Failed to import: /opt/airflow/dags/user_processing.py","logger":"airflow.models.dagbag.DagBag","error_detail":[{"exc_type":"IndentationError","exc_value":"unexpected indent (user_processing.py, line 10)","exc_notes":[],"syntax_error":{"offset":12,"filename":"/opt/airflow/dags/user_processing.py","line":"            response=requests.get(\"https://raw.githubusercontent.com/marclamberti/datasets/refs/heads/main/fakeuser.json\")\n","lineno":10,"msg":"unexpected indent"},"is_cause":false,"frames":[{"filename":"/home/airflow/.local/lib/python3.12/site-packages/airflow/models/dagbag.py","lineno":384,"name":"parse"},{"filename":"<frozen importlib._bootstrap_external>","lineno":995,"name":"exec_module"},{"filename":"<frozen importlib._bootstrap_external>","lineno":1133,"name":"get_code"},{"filename":"<frozen importlib._bootstrap_external>","lineno":1063,"name":"source_to_code"},{"filename":"<frozen importlib._bootstrap>","lineno":488,"name":"_call_with_frames_removed"}]}]}
{"timestamp":"2026-10-02T20:04:22.542679","level":"info","event":"Filling up the DagBag from /opt/airflow/dags/user_processing.py","logger":"airflow.models.dagbag.DagBag"}
{"timestamp":"2026-10-02T20:04:27.689650","level":"info","event":"Filling up the DagBag from /opt/airflow/dags/user_processing.py","logger":"airflow.models.dagbag.DagBag"}
{"timestamp":"2026-10-02T20:04:27.706475","level":"error","event":"Failed to import: /opt/airflow/dags/user_processing.py","logger":"airflow.models.dagbag.DagBag","error_detail":[{"exc_type":"SyntaxError","exc_value":"invalid syntax (user_processing.py, line 11)","exc_notes":[],"syntax_error":{"offset":15,"filename":"/opt/airflow/dags/user_processing.py","line":"    fake_user=\n","lineno":11,"msg":"invalid syntax"},"is_cause":false,"frames":[{"filename":"/home/airflow/.local/lib/python3.12/site-packages/airflow/models/dagbag.py","lineno":384,"name":"parse"},{"filename":"<frozen importlib._bootstrap_external>","lineno":995,"name":"exec_module"},{"filename":"<frozen importlib._bootstrap_external>","lineno":1133,"name":"get_code"},{"filename":"<frozen importlib._bootstrap_external>","lineno":1063,"name":"source_to_code"},{"filename":"<frozen importlib._bootstrap>","lineno":488,"name":"_call_with_frames_removed"}]}]}
{"timestamp":"2026-10-02T20:04:32.834971","level":"info","event":"Filling up the DagBag from /opt/airflow/dags/user_processing.py","logger":"airflow.models.dagbag.DagBag"}
{"timestamp":"2026-10-02T20:04:33.954006","level":"info","event":"Filling up the DagBag from /opt/airflow/dags/user_processing.py","logger":"airflow.models.dagbag.DagBag"}
{"timestamp":"2026-10-02T20:04:37.088398","level":"info","event":"Filling up the DagBag from /opt/airflow/dags/user_processing.py","logger":"airflow.models.dagbag.DagBag"}
{"timestamp":"2026-10-02T20:04:45.234455","level":"info","event":"Filling up the DagBag from /opt/airflow/dags/user_processing.py","logger":"airflow.models.dagbag.DagBag"}
{"timestamp":"2026-10-02T20:05:15.618435","level":"info","event":"Filling up the DagBag from /opt/airflow/dags/user_processing.py","logger":"airflow.models.dagbag.DagBag"}
{"timestamp":"2026-10-02T20:05:45.983650","level":"info","event":"Filling up the DagBag from /opt/airflow/dags/user_processing.py","logger":"airflow.models.dagbag.DagBag"}
{"timestamp":"2026-10-02T20:06:16.278349","level":"info","event":"Filling up the DagBag from /opt/airflow/dags/user_processing.py","logger":"airflow.models.dagbag.DagBag"}
{"timestamp":"2026-10-02T20:06:46.594363","level":"info","event":"Filling up the DagBag from /opt/airflow/dags/user_processing.py","logger":"airflow.models.dagbag.DagBag"}
{"timestamp":"2026-10-02T20:07:16.897284","level":"info","event":"Filling up the DagBag from /opt/airflow/dags/user_processing.py","logger":"airflow.models.dagbag.DagBag"}
{"timestamp":"2026-10-02T20:07:47.221153","level":"info","event":"Filling up the DagBag from /opt/airflow/dags/user_processing.py","logger":"airflow.models.dagbag.DagBag"}
{"timestamp":"2026-10-02T20:08:17.551540","level":"info","event":"Filling up the DagBag from /opt/airflow/dags/user_processing.py","logger":"airflow.models.dagbag.DagBag"}
{"timestamp":"2026-10-02T20:08:47.874813","level":"info","event":"Filling up the DagBag from /opt/airflow/dags/user_processing.py","logger":"airflow.models.dagbag.DagBag"}
{"timestamp":"2026-10-02T20:09:18.175529","level":"info","event":"Filling up the DagBag from /opt/airflow/dags/user_processing.py","logger":"airflow.models.dagbag.DagBag"}
{"timestamp":"2026-10-02T20:09:48.468343","level":"info","event":"Filling up the DagBag from /opt/airflow/dags/user_processing.py","logger":"airflow.models.dagbag.DagBag"}
{"timestamp":"2026-10-02T20:10:02.655364","level":"info","event":"Filling up the DagBag from /opt/airflow/dags/user_processing.py","logger":"airflow.models.dagbag.DagBag"}
{"timestamp":"2026-10-02T20:10:05.786496","level":"info","event":"Filling up the DagBag from /opt/airflow/dags/user_processing.py","logger":"airflow.models.dagbag.DagBag"}
{"timestamp":"2026-10-02T20:10:26.035275","level":"info","event":"Filling up the DagBag from /opt/airflow/dags/user_processing.py","logger":"airflow.models.dagbag.DagBag"}
{"timestamp":"2026-10-02T20:10:26.050846","level":"error","event":"Failed to import: /opt/airflow/dags/user_processing.py","logger":"airflow.models.dagbag.DagBag","error_detail":[{"exc_type":"IndentationError","exc_value":"expected an indented block after function definition on line 57 (user_processing.py, line 59)","exc_notes":[],"syntax_error":{"offset":5,"filename":"/opt/airflow/dags/user_processing.py","line":"    import requests \n","lineno":59,"msg":"expected an indented block after function definition on line 57"},"is_cause":false,"frames":[{"filename":"/home/airflow/.local/lib/python3.12/site-packages/airflow/models/dagbag.py","lineno":384,"name":"parse"},{"filename":"<frozen importlib._bootstrap_external>","lineno":995,"name":"exec_module"},{"filename":"<frozen importlib._bootstrap_external>","lineno":1133,"name":"get_code"},{"filename":"<frozen importlib._bootstrap_external>","lineno":1063,"name":"source_to_code"},{"filename":"<frozen importlib._bootstrap>","lineno":488,"name":"_call_with_frames_removed"}]}]}
{"timestamp":"2026-10-02T20:10:37.197032","level":"info","event":"Filling up the DagBag from /opt/airflow/dags/user_processing.py","logger":"airflow.models.dagbag.DagBag"}
{"timestamp":"2026-10-02T20:10:49.383786","level":"info","event":"Filling up the DagBag from /opt/airflow/dags/user_processing.py","logger":"airflow.models.dagbag.DagBag"}
{"timestamp":"2026-10-02T20:10:53.557804","level":"info","event":"Filling up the DagBag from /opt/airflow/dags/user_processing.py","logger":"airflow.models.dagbag.DagBag"}
{"timestamp":"2026-10-02T20:10:56.689107","level":"info","event":"Filling up the DagBag from /opt/airflow/dags/user_processing.py","logger":"airflow.models.dagbag.DagBag"}
{"timestamp":"2026-10-02T20:10:58.808163","level":"info","event":"Filling up the DagBag from /opt/airflow/dags/user_processing.py","logger":"airflow.models.dagbag.DagBag"}
{"timestamp":"2026-10-02T20:11:17.085414","level":"info","event":"Filling up the DagBag from /opt/airflow/dags/user_processing.py","logger":"airflow.models.dagbag.DagBag"}
{"timestamp":"2026-10-02T20:11:42.379454","level":"info","event":"Filling up the DagBag from /opt/airflow/dags/user_processing.py","logger":"airflow.models.dagbag.DagBag"}
{"timestamp":"2026-10-02T20:12:02.656034","level":"info","event":"Filling up the DagBag from /opt/airflow/dags/user_processing.py","logger":"airflow.models.dagbag.DagBag"}
{"timestamp":"2026-10-02T20:12:03.796624","level":"info","event":"Filling up the DagBag from /opt/airflow/dags/user_processing.py","logger":"airflow.models.dagbag.DagBag"}
{"timestamp":"2026-10-02T20:12:07.938707","level":"info","event":"Filling up the DagBag from /opt/airflow/dags/user_processing.py","logger":"airflow.models.dagbag.DagBag"}
{"timestamp":"2026-10-02T20:12:38.255798","level":"info","event":"Filling up the DagBag from /opt/airflow/dags/user_processing.py","logger":"airflow.models.dagbag.DagBag"}
{"timestamp":"2026-10-02T20:13:08.606628","level":"info","event":"Filling up the DagBag from /opt/airflow/dags/user_processing.py","logger":"airflow.models.dagbag.DagBag"}
{"timestamp":"2026-10-02T20:13:38.957260","level":"info","event":"Filling up the DagBag from /opt/airflow/dags/user_processing.py","logger":"airflow.models.dagbag.DagBag"}
{"timestamp":"2026-10-02T20:13:55.182551","level":"info","event":"Filling up the DagBag from /opt/airflow/dags/user_processing.py","logger":"airflow.models.dagbag.DagBag"}
{"timestamp":"2026-10-02T20:14:05.380238","level":"info","event":"Filling up the DagBag from /opt/airflow/dags/user_processing.py","logger":"airflow.models.dagbag.DagBag"}
{"timestamp":"2026-10-02T20:14:05.393596","level":"error","event":"Failed to import: /opt/airflow/dags/user_processing.py","logger":"airflow.models.dagbag.DagBag","error_detail":[{"exc_type":"SyntaxError","exc_value":"unmatched ')' (user_processing.py, line 45)","exc_notes":[],"syntax_error":{"offset":9,"filename":"/opt/airflow/dags/user_processing.py","line":"        )","lineno":45,"msg":"unmatched ')'"},"is_cause":false,"frames":[{"filename":"/home/airflow/.local/lib/python3.12/site-packages/airflow/models/dagbag.py","lineno":384,"name":"parse"},{"filename":"<frozen importlib._bootstrap_external>","lineno":995,"name":"exec_module"},{"filename":"<frozen importlib._bootstrap_external>","lineno":1133,"name":"get_code"},{"filename":"<frozen importlib._bootstrap_external>","lineno":1063,"name":"source_to_code"},{"filename":"<frozen importlib._bootstrap>","lineno":488,"name":"_call_with_frames_removed"}]}]}
{"timestamp":"2026-10-02T20:14:08.483998","level":"info","event":"Filling up the DagBag from /opt/airflow/dags/user_processing.py","logger":"airflow.models.dagbag.DagBag"}
{"timestamp":"2026-10-02T20:14:12.615766","level":"info","event":"Filling up the DagBag from /opt/airflow/dags/user_processing.py","logger":"airflow.models.dagbag.DagBag"}
{"timestamp":"2026-10-02T20:14:24.832323","level":"info","event":"Filling up the DagBag from /opt/airflow/dags/user_processing.py","logger":"airflow.models.dagbag.DagBag"}
{"timestamp":"2026-10-02T20:14:26.946292","level":"info","event":"Filling up the DagBag from /opt/airflow/dags/user_processing.py","logger":"airflow.models.dagbag.DagBag"}
{"timestamp":"2026-10-02T20:14:33.097696","level":"info","event":"Filling up the DagBag from /opt/airflow/dags/user_processing.py","logger":"airflow.models.dagbag.DagBag"}
{"timestamp":"2026-10-02T20:14:33.113026","level":"error","event":"Failed to import: /opt/airflow/dags/user_processing.py","logger":"airflow.models.dagbag.DagBag","error_detail":[{"exc_type":"SyntaxError","exc_value":"expected argument value expression (user_processing.py, line 52)","exc_notes":[],"syntax_error":{"offset":18,"filename":"/opt/airflow/dags/user_processing.py","line":"    extract_user(fake_user=)\n","lineno":52,"msg":"expected argument value expression"},"is_cause":false,"frames":[{"filename":"/home/airflow/.local/lib/python3.12/site-packages/airflow/models/dagbag.py","lineno":384,"name":"parse"},{"filename":"<frozen importlib._bootstrap_external>","lineno":995,"name":"exec_module"},{"filename":"<frozen importlib._bootstrap_external>","lineno":1133,"name":"get_code"},{"filename":"<frozen importlib._bootstrap_external>","lineno":1063,"name":"source_to_code"},{"filename":"<frozen importlib._bootstrap>","lineno":488,"name":"_call_with_frames_removed"}]}]}
{"timestamp":"2026-10-02T20:14:34.185272","level":"info","event":"Filling up the DagBag from /opt/airflow/dags/user_processing.py","logger":"airflow.models.dagbag.DagBag"}
{"timestamp":"2026-10-02T20:15:04.542285","level":"info","event":"Filling up the DagBag from /opt/airflow/dags/user_processing.py","logger":"airflow.models.dagbag.DagBag"}
{"timestamp":"2026-10-02T20:15:34.868663","level":"info","event":"Filling up the DagBag from /opt/airflow/dags/user_processing.py","logger":"airflow.models.dagbag.DagBag"}
{"timestamp":"2026-10-02T20:16:05.167182","level":"info","event":"Filling up the DagBag from /opt/airflow/dags/user_processing.py","logger":"airflow.models.dagbag.DagBag"}
{"timestamp":"2026-10-02T20:16:21.383258","level":"info","event":"Filling up the DagBag from /opt/airflow/dags/user_processing.py","logger":"airflow.models.dagbag.DagBag"}
{"timestamp":"2026-10-02T20:16:23.510687","level":"info","event":"Filling up the DagBag from /opt/airflow/dags/user_processing.py","logger":"airflow.models.dagbag.DagBag"}
{"timestamp":"2026-10-02T20:16:53.866999","level":"info","event":"Filling up the DagBag from /opt/airflow/dags/user_processing.py","logger":"airflow.models.dagbag.DagBag"}
{"timestamp":"2026-10-02T20:17:24.190617","level":"info","event":"Filling up the DagBag from /opt/airflow/dags/user_processing.py","logger":"airflow.models.dagbag.DagBag"}
{"timestamp":"2026-10-02T20:17:52.485630","level":"info","event":"Filling up the DagBag from /opt/airflow/dags/user_processing.py","logger":"airflow.models.dagbag.DagBag"}
{"timestamp":"2026-10-02T20:17:52.498570","level":"error","event":"Failed to import: /opt/airflow/dags/user_processing.py","logger":"airflow.models.dagbag.DagBag","error_detail":[{"exc_type":"SyntaxError","exc_value":"'(' was never closed (user_processing.py, line 47)","exc_notes":[],"syntax_error":{"offset":10,"filename":"/opt/airflow/dags/user_processing.py","line":"    print(extract_user(fake_user)\n","lineno":47,"msg":"'(' was never closed"},"is_cause":false,"frames":[{"filename":"/home/airflow/.local/lib/python3.12/site-packages/airflow/models/dagbag.py","lineno":384,"name":"parse"},{"filename":"<frozen importlib._bootstrap_external>","lineno":995,"name":"exec_module"},{"filename":"<frozen importlib._bootstrap_external>","lineno":1133,"name":"get_code"},{"filename":"<frozen importlib._bootstrap_external>","lineno":1063,"name":"source_to_code"},{"filename":"<frozen importlib._bootstrap>","lineno":488,"name":"_call_with_frames_removed"}]}]}
{"timestamp":"2026-10-02T20:17:56.580051","level":"info","event":"Filling up the DagBag from /opt/airflow/dags/user_processing.py","logger":"airflow.models.dagbag.DagBag"}
{"timestamp":"2026-10-02T20:17:56.613320Z","level":"info","event":"{{ task_instance.xcom_pull(task_ids='extract_user', dag_id='user_processing', key='return_value') }}","chan":"stdout","logger":"processor"}
{"timestamp":"2026-10-02T20:18:26.916019","level":"info","event":"Filling up the DagBag from /opt/airflow/dags/user_processing.py","logger":"airflow.models.dagbag.DagBag"}
{"timestamp":"2026-10-02T20:18:26.942212Z","level":"info","event":"{{ task_instance.xcom_pull(task_ids='extract_user', dag_id='user_processing', key='return_value') }}","chan":"stdout","logger":"processor"}
{"timestamp":"2026-10-02T20:18:57.273042","level":"info","event":"Filling up the DagBag from /opt/airflow/dags/user_processing.py","logger":"airflow.models.dagbag.DagBag"}
{"timestamp":"2026-10-02T20:18:57.302934Z","level":"info","event":"{{ task_instance.xcom_pull(task_ids='extract_user', dag_id='user_processing', key='return_value') }}","chan":"stdout","logger":"processor"}
{"timestamp":"2026-10-02T20:19:27.606598","level":"info","event":"Filling up the DagBag from /opt/airflow/dags/user_processing.py","logger":"airflow.models.dagbag.DagBag"}
{"timestamp":"2026-10-02T20:19:27.637019Z","level":"info","event":"{{ task_instance.xcom_pull(task_ids='extract_user', dag_id='user_processing', key='return_value') }}","chan":"stdout","logger":"processor"}
{"timestamp":"2026-10-02T20:19:42.820336","level":"info","event":"Filling up the DagBag from /opt/airflow/dags/user_processing.py","logger":"airflow.models.dagbag.DagBag"}
{"timestamp":"2026-10-02T20:19:42.867588Z","level":"info","event":"{{ task_instance.xcom_pull(task_ids='extract_user', dag_id='user_processing', key='return_value') }}","chan":"stdout","logger":"processor"}
{"timestamp":"2026-10-02T20:20:13.211091","level":"info","event":"Filling up the DagBag from /opt/airflow/dags/user_processing.py","logger":"airflow.models.dagbag.DagBag"}
{"timestamp":"2026-10-02T20:20:13.238678Z","level":"info","event":"{{ task_instance.xcom_pull(task_ids='extract_user', dag_id='user_processing', key='return_value') }}","chan":"stdout","logger":"processor"}
{"timestamp":"2026-10-02T20:20:43.557121","level":"info","event":"Filling up the DagBag from /opt/airflow/dags/user_processing.py","logger":"airflow.models.dagbag.DagBag"}
{"timestamp":"2026-10-02T20:20:43.585311Z","level":"info","event":"{{ task_instance.xcom_pull(task_ids='extract_user', dag_id='user_processing', key='return_value') }}","chan":"stdout","logger":"processor"}
{"timestamp":"2026-10-02T20:21:13.868335","level":"info","event":"Filling up the DagBag from /opt/airflow/dags/user_processing.py","logger":"airflow.models.dagbag.DagBag"}
{"timestamp":"2026-10-02T20:21:13.900301Z","level":"info","event":"{{ task_instance.xcom_pull(task_ids='extract_user', dag_id='user_processing', key='return_value') }}","chan":"stdout","logger":"processor"}
{"timestamp":"2026-10-02T20:21:21.011649","level":"info","event":"Filling up the DagBag from /opt/airflow/dags/user_processing.py","logger":"airflow.models.dagbag.DagBag"}
{"timestamp":"2026-10-02T20:21:21.023918","level":"error","event":"Failed to import: /opt/airflow/dags/user_processing.py","logger":"airflow.models.dagbag.DagBag","error_detail":[{"exc_type":"IndentationError","exc_value":"unindent does not match any outer indentation level (user_processing.py, line 46)","exc_notes":[],"syntax_error":{"offset":30,"filename":"/opt/airflow/dags/user_processing.py","line":" fake_user=is_api_available()\n","lineno":46,"msg":"unindent does not match any outer indentation level"},"is_cause":false,"frames":[{"filename":"/home/airflow/.local/lib/python3.12/site-packages/airflow/models/dagbag.py","lineno":384,"name":"parse"},{"filename":"<frozen importlib._bootstrap_external>","lineno":995,"name":"exec_module"},{"filename":"<frozen importlib._bootstrap_external>","lineno":1133,"name":"get_code"},{"filename":"<frozen importlib._bootstrap_external>","lineno":1063,"name":"source_to_code"},{"filename":"<frozen importlib._bootstrap>","lineno":488,"name":"_call_with_frames_removed"}]}]}
{"timestamp":"2026-10-02T20:21:23.118829","level":"info","event":"Filling up the DagBag from /opt/airflow/dags/user_processing.py","logger":"airflow.models.dagbag.DagBag"}
{"timestamp":"2026-10-02T20:21:23.166232Z","level":"info","event":"{{ task_instance.xcom_pull(task_ids='extract_user', dag_id='user_processing', key='return_value') }}","chan":"stdout","logger":"processor"}
{"timestamp":"2026-10-02T20:21:53.451606","level":"info","event":"Filling up the DagBag from /opt/airflow/dags/user_processing.py","logger":"airflow.models.dagbag.DagBag"}
{"timestamp":"2026-10-02T20:21:53.477020Z","level":"info","event":"{{ task_instance.xcom_pull(task_ids='extract_user', dag_id='user_processing', key='return_value') }}","chan":"stdout","logger":"processor"}
{"timestamp":"2026-10-02T20:21:54.551041","level":"info","event":"Filling up the DagBag from /opt/airflow/dags/user_processing.py","logger":"airflow.models.dagbag.DagBag"}
{"timestamp":"2026-10-02T20:22:10.785108","level":"info","event":"Filling up the DagBag from /opt/airflow/dags/user_processing.py","logger":"airflow.models.dagbag.DagBag"}
{"timestamp":"2026-10-02T20:22:10.831380Z","level":"info","event":"{{ task_instance.xcom_pull(task_ids='extract_user', dag_id='user_processing', key='return_value') }}","chan":"stdout","logger":"processor"}
{"timestamp":"2026-10-02T20:22:41.195755","level":"info","event":"Filling up the DagBag from /opt/airflow/dags/user_processing.py","logger":"airflow.models.dagbag.DagBag"}
{"timestamp":"2026-10-02T20:22:41.224279Z","level":"info","event":"{{ task_instance.xcom_pull(task_ids='extract_user', dag_id='user_processing', key='return_value') }}","chan":"stdout","logger":"processor"}
{"timestamp":"2026-10-02T20:23:07.511768","level":"info","event":"Filling up the DagBag from /opt/airflow/dags/user_processing.py","logger":"airflow.models.dagbag.DagBag"}
{"timestamp":"2026-10-02T20:23:07.553596Z","level":"info","event":"{{ task_instance.xcom_pull(task_ids='extract_user', dag_id='user_processing', key='return_value') }}","chan":"stdout","logger":"processor"}
{"timestamp":"2026-10-02T20:23:14.662704","level":"info","event":"Filling up the DagBag from /opt/airflow/dags/user_processing.py","logger":"airflow.models.dagbag.DagBag"}
{"timestamp":"2026-10-02T20:23:14.675782","level":"error","event":"Failed to import: /opt/airflow/dags/user_processing.py","logger":"airflow.models.dagbag.DagBag","error_detail":[{"exc_type":"SyntaxError","exc_value":"invalid syntax (user_processing.py, line 38)","exc_notes":[],"syntax_error":{"offset":12,"filename":"/opt/airflow/dags/user_processing.py","line":"        if(!fake_user)\n","lineno":38,"msg":"invalid syntax"},"is_cause":false,"frames":[{"filename":"/home/airflow/.local/lib/python3.12/site-packages/airflow/models/dagbag.py","lineno":384,"name":"parse"},{"filename":"<frozen importlib._bootstrap_external>","lineno":995,"name":"exec_module"},{"filename":"<frozen importlib._bootstrap_external>","lineno":1133,"name":"get_code"},{"filename":"<frozen importlib._bootstrap_external>","lineno":1063,"name":"source_to_code"},{"filename":"<frozen importlib._bootstrap>","lineno":488,"name":"_call_with_frames_removed"}]}]}
{"timestamp":"2026-10-02T20:23:17.781760","level":"info","event":"Filling up the DagBag from /opt/airflow/dags/user_processing.py","logger":"airflow.models.dagbag.DagBag"}
{"timestamp":"2026-10-02T20:23:17.795987","level":"error","event":"Failed to import: /opt/airflow/dags/user_processing.py","logger":"airflow.models.dagbag.DagBag","error_detail":[{"exc_type":"SyntaxError","exc_value":"invalid syntax (user_processing.py, line 38)","exc_notes":[],"syntax_error":{"offset":12,"filename":"/opt/airflow/dags/user_processing.py","line":"        if(!fake_user) reut\n","lineno":38,"msg":"invalid syntax"},"is_cause":false,"frames":[{"filename":"/home/airflow/.local/lib/python3.12/site-packages/airflow/models/dagbag.py","lineno":384,"name":"parse"},{"filename":"<frozen importlib._bootstrap_external>","lineno":995,"name":"exec_module"},{"filename":"<frozen importlib._bootstrap_external>","lineno":1133,"name":"get_code"},{"filename":"<frozen importlib._bootstrap_external>","lineno":1063,"name":"source_to_code"},{"filename":"<frozen importlib._bootstrap>","lineno":488,"name":"_call_with_frames_removed"}]}]}
{"timestamp":"2026-10-02T20:23:18.873514","level":"info","event":"Filling up the DagBag from /opt/airflow/dags/user_processing.py","logger":"airflow.models.dagbag.DagBag"}
{"timestamp":"2026-10-02T20:23:18.892962","level":"error","event":"Failed to import: /opt/airflow/dags/user_processing.py","logger":"airflow.models.dagbag.DagBag","error_detail":[{"exc_type":"SyntaxError","exc_value":"invalid syntax (user_processing.py, line 38)","exc_notes":[],"syntax_error":{"offset":12,"filename":"/opt/airflow/dags/user_processing.py","line":"        if(!fake_user) return\n","lineno":38,"msg":"invalid syntax"},"is_cause":false,"frames":[{"filename":"/home/airflow/.local/lib/python3.12/site-packages/airflow/models/dagbag.py","lineno":384,"name":"parse"},{"filename":"<frozen importlib._bootstrap_external>","lineno":995,"name":"exec_module"},{"filename":"<frozen importlib._bootstrap_external>","lineno":1133,"name":"get_code"},{"filename":"<frozen importlib._bootstrap_external>","lineno":1063,"name":"source_to_code"},{"filename":"<frozen importlib._bootstrap>","lineno":488,"name":"_call_with_frames_removed"}]}]}
{"timestamp":"2026-10-02T20:23:25.008567","level":"info","event":"Filling up the DagBag from /opt/airflow/dags/user_processing.py","logger":"airflow.models.dagbag.DagBag"}
{"timestamp":"2026-10-02T20:23:25.056430","level":"error","event":"Failed to import: /opt/airflow/dags/user_processing.py","logger":"airflow.models.dagbag.DagBag","error_detail":[{"exc_type":"SyntaxError","exc_value":"invalid syntax (user_processing.py, line 38)","exc_notes":[],"syntax_error":{"offset":11,"filename":"/opt/airflow/dags/user_processing.py","line":"        if\n","lineno":38,"msg":"invalid syntax"},"is_cause":false,"frames":[{"filename":"/home/airflow/.local/lib/python3.12/site-packages/airflow/models/dagbag.py","lineno":384,"name":"parse"},{"filename":"<frozen importlib._bootstrap_external>","lineno":995,"name":"exec_module"},{"filename":"<frozen importlib._bootstrap_external>","lineno":1133,"name":"get_code"},{"filename":"<frozen importlib._bootstrap_external>","lineno":1063,"name":"source_to_code"},{"filename":"<frozen importlib._bootstrap>","lineno":488,"name":"_call_with_frames_removed"}]}]}
{"timestamp":"2026-10-02T20:23:28.173979","level":"info","event":"Filling up the DagBag from /opt/airflow/dags/user_processing.py","logger":"airflow.models.dagbag.DagBag"}
{"timestamp":"2026-10-02T20:23:28.188913","level":"error","event":"Failed to import: /opt/airflow/dags/user_processing.py","logger":"airflow.models.dagbag.DagBag","error_detail":[{"exc_type":"SyntaxError","exc_value":"expected ':' (user_processing.py, line 38)","exc_notes":[],"syntax_error":{"offset":26,"filename":"/opt/airflow/dags/user_processing.py","line":"        if(not fake_user)\n","lineno":38,"msg":"expected ':'"},"is_cause":false,"frames":[{"filename":"/home/airflow/.local/lib/python3.12/site-packages/airflow/models/dagbag.py","lineno":384,"name":"parse"},{"filename":"<frozen importlib._bootstrap_external>","lineno":995,"name":"exec_module"},{"filename":"<frozen importlib._bootstrap_external>","lineno":1133,"name":"get_code"},{"filename":"<frozen importlib._bootstrap_external>","lineno":1063,"name":"source_to_code"},{"filename":"<frozen importlib._bootstrap>","lineno":488,"name":"_call_with_frames_removed"}]}]}
{"timestamp":"2026-10-02T20:23:30.263605","level":"info","event":"Filling up the DagBag from /opt/airflow/dags/user_processing.py","logger":"airflow.models.dagbag.DagBag"}
{"timestamp":"2026-10-02T20:23:30.281280","level":"error","event":"Failed to import: /opt/airflow/dags/user_processing.py","logger":"airflow.models.dagbag.DagBag","error_detail":[{"exc_type":"IndentationError","exc_value":"expected an indented block after 'if' statement on line 38 (user_processing.py, line 40)","exc_notes":[],"syntax_error":{"offset":9,"filename":"/opt/airflow/dags/user_processing.py","line":"        return {\n","lineno":40,"msg":"expected an indented block after 'if' statement on line 38"},"is_cause":false,"frames":[{"filename":"/home/airflow/.local/lib/python3.12/site-packages/airflow/models/dagbag.py","lineno":384,"name":"parse"},{"filename":"<frozen importlib._bootstrap_external>","lineno":995,"name":"exec_module"},{"filename":"<frozen importlib._bootstrap_external>","lineno":1133,"name":"get_code"},{"filename":"<frozen importlib._bootstrap_external>","lineno":1063,"name":"source_to_code"},{"filename":"<frozen importlib._bootstrap>","lineno":488,"name":"_call_with_frames_removed"}]}]}
{"timestamp":"2026-10-02T20:23:32.358779","level":"info","event":"Filling up the DagBag from /opt/airflow/dags/user_processing.py","logger":"airflow.models.dagbag.DagBag"}
{"timestamp":"2026-10-02T20:23:32.396021Z","level":"info","event":"{{ task_instance.xcom_pull(task_ids='extract_user', dag_id='user_processing', key='return_value') }}","chan":"stdout","logger":"processor"}
{"timestamp":"2026-10-02T20:23:33.479763","level":"info","event":"Filling up the DagBag from /opt/airflow/dags/user_processing.py","logger":"airflow.models.dagbag.DagBag"}
{"timestamp":"2026-10-02T20:23:33.523329Z","level":"info","event":"{{ task_instance.xcom_pull(task_ids='extract_user', dag_id='user_processing', key='return_value') }}","chan":"stdout","logger":"processor"}
{"timestamp":"2026-10-02T20:23:56.749067","level":"info","event":"Filling up the DagBag from /opt/airflow/dags/user_processing.py","logger":"airflow.models.dagbag.DagBag"}
{"timestamp":"2026-10-02T20:23:56.779201","level":"error","event":"Failed to import: /opt/airflow/dags/user_processing.py","logger":"airflow.models.dagbag.DagBag","error_detail":[{"exc_type":"SyntaxError","exc_value":"invalid syntax. Perhaps you forgot a comma? (user_processing.py, line 33)","exc_notes":[],"syntax_error":{"offset":40,"filename":"/opt/airflow/dags/user_processing.py","line":"        return PokeReturnValue(is_done=condition \n","lineno":33,"msg":"invalid syntax. Perhaps you forgot a comma?"},"is_cause":false,"frames":[{"filename":"/home/airflow/.local/lib/python3.12/site-packages/airflow/models/dagbag.py","lineno":384,"name":"parse"},{"filename":"<frozen importlib._bootstrap_external>","lineno":995,"name":"exec_module"},{"filename":"<frozen importlib._bootstrap_external>","lineno":1133,"name":"get_code"},{"filename":"<frozen importlib._bootstrap_external>","lineno":1063,"name":"source_to_code"},{"filename":"<frozen importlib._bootstrap>","lineno":488,"name":"_call_with_frames_removed"}]}]}
{"timestamp":"2026-10-02T20:23:57.844645","level":"info","event":"Filling up the DagBag from /opt/airflow/dags/user_processing.py","logger":"airflow.models.dagbag.DagBag"}
{"timestamp":"2026-10-02T20:23:57.879208Z","level":"info","event":"{{ task_instance.xcom_pull(task_ids='extract_user', dag_id='user_processing', key='return_value') }}","chan":"stdout","logger":"processor"}
{"timestamp":"2026-10-02T20:24:13.089920","level":"info","event":"Filling up the DagBag from /opt/airflow/dags/user_processing.py","logger":"airflow.models.dagbag.DagBag"}
{"timestamp":"2026-10-02T20:24:13.129221Z","level":"info","event":"{{ task_instance.xcom_pull(task_ids='extract_user', dag_id='user_processing', key='return_value') }}","chan":"stdout","logger":"processor"}
{"timestamp":"2026-10-02T20:24:23.280480","level":"info","event":"Filling up the DagBag from /opt/airflow/dags/user_processing.py","logger":"airflow.models.dagbag.DagBag"}
{"timestamp":"2026-10-02T20:24:23.314250Z","level":"info","event":"{{ task_instance.xcom_pull(task_ids='extract_user', dag_id='user_processing', key='return_value') }}","chan":"stdout","logger":"processor"}
{"timestamp":"2026-10-02T20:24:53.617703","level":"info","event":"Filling up the DagBag from /opt/airflow/dags/user_processing.py","logger":"airflow.models.dagbag.DagBag"}
{"timestamp":"2026-10-02T20:24:53.645339Z","level":"info","event":"{{ task_instance.xcom_pull(task_ids='extract_user', dag_id='user_processing', key='return_value') }}","chan":"stdout","logger":"processor"}
{"timestamp":"2026-10-02T20:25:14.947391","level":"info","event":"Filling up the DagBag from /opt/airflow/dags/user_processing.py","logger":"airflow.models.dagbag.DagBag"}
{"timestamp":"2026-10-02T20:25:14.999025Z","level":"info","event":"{{ task_instance.xcom_pull(task_ids='extract_user', dag_id='user_processing', key='return_value') }}","chan":"stdout","logger":"processor"}
{"timestamp":"2026-10-02T20:25:18.090068","level":"info","event":"Filling up the DagBag from /opt/airflow/dags/user_processing.py","logger":"airflow.models.dagbag.DagBag"}
{"timestamp":"2026-10-02T20:25:18.128520Z","level":"info","event":"{{ task_instance.xcom_pull(task_ids='extract_user', dag_id='user_processing', key='return_value') }}","chan":"stdout","logger":"processor"}
{"timestamp":"2026-10-02T20:25:48.431203","level":"info","event":"Filling up the DagBag from /opt/airflow/dags/user_processing.py","logger":"airflow.models.dagbag.DagBag"}
{"timestamp":"2026-10-02T20:25:48.462929Z","level":"info","event":"{{ task_instance.xcom_pull(task_ids='extract_user', dag_id='user_processing', key='return_value') }}","chan":"stdout","logger":"processor"}
{"timestamp":"2026-10-02T20:26:18.763399","level":"info","event":"Filling up the DagBag from /opt/airflow/dags/user_processing.py","logger":"airflow.models.dagbag.DagBag"}
{"timestamp":"2026-10-02T20:26:18.794304Z","level":"info","event":"{{ task_instance.xcom_pull(task_ids='extract_user', dag_id='user_processing', key='return_value') }}","chan":"stdout","logger":"processor"}
{"timestamp":"2026-10-02T20:26:49.094052","level":"info","event":"Filling up the DagBag from /opt/airflow/dags/user_processing.py","logger":"airflow.models.dagbag.DagBag"}
{"timestamp":"2026-10-02T20:26:49.121261Z","level":"info","event":"{{ task_instance.xcom_pull(task_ids='extract_user', dag_id='user_processing', key='return_value') }}","chan":"stdout","logger":"processor"}
{"timestamp":"2026-10-02T20:27:19.392631","level":"info","event":"Filling up the DagBag from /opt/airflow/dags/user_processing.py","logger":"airflow.models.dagbag.DagBag"}
{"timestamp":"2026-10-02T20:27:19.424845Z","level":"info","event":"{{ task_instance.xcom_pull(task_ids='extract_user', dag_id='user_processing', key='return_value') }}","chan":"stdout","logger":"processor"}
{"timestamp":"2026-10-02T20:27:49.695894","level":"info","event":"Filling up the DagBag from /opt/airflow/dags/user_processing.py","logger":"airflow.models.dagbag.DagBag"}
{"timestamp":"2026-10-02T20:27:49.721270Z","level":"info","event":"{{ task_instance.xcom_pull(task_ids='extract_user', dag_id='user_processing', key='return_value') }}","chan":"stdout","logger":"processor"}
{"timestamp":"2026-10-02T20:28:20.012570","level":"info","event":"Filling up the DagBag from /opt/airflow/dags/user_processing.py","logger":"airflow.models.dagbag.DagBag"}
{"timestamp":"2026-10-02T20:28:20.042026Z","level":"info","event":"{{ task_instance.xcom_pull(task_ids='extract_user', dag_id='user_processing', key='return_value') }}","chan":"stdout","logger":"processor"}
{"timestamp":"2026-10-02T20:28:50.315682","level":"info","event":"Filling up the DagBag from /opt/airflow/dags/user_processing.py","logger":"airflow.models.dagbag.DagBag"}
{"timestamp":"2026-10-02T20:28:50.345643Z","level":"info","event":"{{ task_instance.xcom_pull(task_ids='extract_user', dag_id='user_processing', key='return_value') }}","chan":"stdout","logger":"processor"}
{"timestamp":"2026-10-02T20:29:20.669858","level":"info","event":"Filling up the DagBag from /opt/airflow/dags/user_processing.py","logger":"airflow.models.dagbag.DagBag"}
{"timestamp":"2026-10-02T20:29:20.697618Z","level":"info","event":"{{ task_instance.xcom_pull(task_ids='extract_user', dag_id='user_processing', key='return_value') }}","chan":"stdout","logger":"processor"}
{"timestamp":"2026-10-02T20:29:50.979056","level":"info","event":"Filling up the DagBag from /opt/airflow/dags/user_processing.py","logger":"airflow.models.dagbag.DagBag"}
{"timestamp":"2026-10-02T20:29:51.007967Z","level":"info","event":"{{ task_instance.xcom_pull(task_ids='extract_user', dag_id='user_processing', key='return_value') }}","chan":"stdout","logger":"processor"}
{"timestamp":"2026-10-02T20:30:21.304662","level":"info","event":"Filling up the DagBag from /opt/airflow/dags/user_processing.py","logger":"airflow.models.dagbag.DagBag"}
{"timestamp":"2026-10-02T20:30:21.334370Z","level":"info","event":"{{ task_instance.xcom_pull(task_ids='extract_user', dag_id='user_processing', key='return_value') }}","chan":"stdout","logger":"processor"}
{"timestamp":"2026-10-02T20:30:49.615987","level":"info","event":"Filling up the DagBag from /opt/airflow/dags/user_processing.py","logger":"airflow.models.dagbag.DagBag"}
{"timestamp":"2026-10-02T20:30:49.628376","level":"error","event":"Failed to import: /opt/airflow/dags/user_processing.py","logger":"airflow.models.dagbag.DagBag","error_detail":[{"exc_type":"IndentationError","exc_value":"unexpected indent (user_processing.py, line 39)","exc_notes":[],"syntax_error":{"offset":16,"filename":"/opt/airflow/dags/user_processing.py","line":"                response=requests.get(\"https://raw.githubusercontent.com/marclamberti/datasets/refs/heads/main/fakeuser.json\")\n","lineno":39,"msg":"unexpected indent"},"is_cause":false,"frames":[{"filename":"/home/airflow/.local/lib/python3.12/site-packages/airflow/models/dagbag.py","lineno":384,"name":"parse"},{"filename":"<frozen importlib._bootstrap_external>","lineno":995,"name":"exec_module"},{"filename":"<frozen importlib._bootstrap_external>","lineno":1133,"name":"get_code"},{"filename":"<frozen importlib._bootstrap_external>","lineno":1063,"name":"source_to_code"},{"filename":"<frozen importlib._bootstrap>","lineno":488,"name":"_call_with_frames_removed"}]}]}
{"timestamp":"2026-10-02T20:30:53.727517","level":"info","event":"Filling up the DagBag from /opt/airflow/dags/user_processing.py","logger":"airflow.models.dagbag.DagBag"}
{"timestamp":"2026-10-02T20:30:53.765934Z","level":"info","event":"{{ task_instance.xcom_pull(task_ids='extract_user', dag_id='user_processing', key='return_value') }}","chan":"stdout","logger":"processor"}
{"timestamp":"2026-10-02T20:30:57.861062","level":"info","event":"Filling up the DagBag from /opt/airflow/dags/user_processing.py","logger":"airflow.models.dagbag.DagBag"}
{"timestamp":"2026-10-02T20:30:57.876673","level":"error","event":"Failed to import: /opt/airflow/dags/user_processing.py","logger":"airflow.models.dagbag.DagBag","error_detail":[{"exc_type":"SyntaxError","exc_value":"invalid syntax (user_processing.py, line 40)","exc_notes":[],"syntax_error":{"offset":19,"filename":"/opt/airflow/dags/user_processing.py","line":"        fake_user=\n","lineno":40,"msg":"invalid syntax"},"is_cause":false,"frames":[{"filename":"/home/airflow/.local/lib/python3.12/site-packages/airflow/models/dagbag.py","lineno":384,"name":"parse"},{"filename":"<frozen importlib._bootstrap_external>","lineno":995,"name":"exec_module"},{"filename":"<frozen importlib._bootstrap_external>","lineno":1133,"name":"get_code"},{"filename":"<frozen importlib._bootstrap_external>","lineno":1063,"name":"source_to_code"},{"filename":"<frozen importlib._bootstrap>","lineno":488,"name":"_call_with_frames_removed"}]}]}
{"timestamp":"2026-10-02T20:31:02.968780","level":"info","event":"Filling up the DagBag from /opt/airflow/dags/user_processing.py","logger":"airflow.models.dagbag.DagBag"}
{"timestamp":"2026-10-02T20:31:03.004398Z","level":"info","event":"{{ task_instance.xcom_pull(task_ids='extract_user', dag_id='user_processing', key='return_value') }}","chan":"stdout","logger":"processor"}
{"timestamp":"2026-10-02T20:31:11.127409","level":"info","event":"Filling up the DagBag from /opt/airflow/dags/user_processing.py","logger":"airflow.models.dagbag.DagBag"}
{"timestamp":"2026-10-02T20:31:11.174435Z","level":"info","event":"{{ task_instance.xcom_pull(task_ids='extract_user', dag_id='user_processing', key='return_value') }}","chan":"stdout","logger":"processor"}
{"timestamp":"2026-10-02T20:31:39.443318","level":"info","event":"Filling up the DagBag from /opt/airflow/dags/user_processing.py","logger":"airflow.models.dagbag.DagBag"}
{"timestamp":"2026-10-02T20:31:39.480358Z","level":"info","event":"{{ task_instance.xcom_pull(task_ids='extract_user', dag_id='user_processing', key='return_value') }}","chan":"stdout","logger":"processor"}
{"timestamp":"2026-10-02T20:31:43.577758","level":"info","event":"Filling up the DagBag from /opt/airflow/dags/user_processing.py","logger":"airflow.models.dagbag.DagBag"}
{"timestamp":"2026-10-02T20:31:43.619879Z","level":"info","event":"{{ task_instance.xcom_pull(task_ids='extract_user', dag_id='user_processing', key='return_value') }}","chan":"stdout","logger":"processor"}
{"timestamp":"2026-10-02T20:31:44.704496","level":"info","event":"Filling up the DagBag from /opt/airflow/dags/user_processing.py","logger":"airflow.models.dagbag.DagBag"}
{"timestamp":"2026-10-02T20:31:44.743962Z","level":"info","event":"{{ task_instance.xcom_pull(task_ids='extract_user', dag_id='user_processing', key='return_value') }}","chan":"stdout","logger":"processor"}
{"timestamp":"2026-10-02T20:32:10.992813","level":"info","event":"Filling up the DagBag from /opt/airflow/dags/user_processing.py","logger":"airflow.models.dagbag.DagBag"}
{"timestamp":"2026-10-02T20:32:11.030707Z","level":"info","event":"{{ task_instance.xcom_pull(task_ids='extract_user', dag_id='user_processing', key='return_value') }}","chan":"stdout","logger":"processor"}
{"timestamp":"2026-10-02T20:32:13.109025","level":"info","event":"Filling up the DagBag from /opt/airflow/dags/user_processing.py","logger":"airflow.models.dagbag.DagBag"}
{"timestamp":"2026-10-02T20:32:13.144107Z","level":"info","event":"{{ task_instance.xcom_pull(task_ids='extract_user', dag_id='user_processing', key='return_value') }}","chan":"stdout","logger":"processor"}
{"timestamp":"2026-10-02T20:32:18.240360","level":"info","event":"Filling up the DagBag from /opt/airflow/dags/user_processing.py","logger":"airflow.models.dagbag.DagBag"}
{"timestamp":"2026-10-02T20:32:18.283778Z","level":"info","event":"{{ task_instance.xcom_pull(task_ids='extract_user', dag_id='user_processing', key='return_value') }}","chan":"stdout","logger":"processor"}
{"timestamp":"2026-10-02T20:32:20.380176","level":"info","event":"Filling up the DagBag from /opt/airflow/dags/user_processing.py","logger":"airflow.models.dagbag.DagBag"}
{"timestamp":"2026-10-02T20:32:20.424372Z","level":"info","event":"{{ task_instance.xcom_pull(task_ids='extract_user', dag_id='user_processing', key='return_value') }}","chan":"stdout","logger":"processor"}
{"timestamp":"2026-10-02T20:32:22.514107","level":"info","event":"Filling up the DagBag from /opt/airflow/dags/user_processing.py","logger":"airflow.models.dagbag.DagBag"}
{"timestamp":"2026-10-02T20:32:22.597980Z","level":"info","event":"{{ task_instance.xcom_pull(task_ids='extract_user', dag_id='user_processing', key='return_value') }}","chan":"stdout","logger":"processor"}
{"timestamp":"2026-10-02T20:32:32.748455","level":"info","event":"Filling up the DagBag from /opt/airflow/dags/user_processing.py","logger":"airflow.models.dagbag.DagBag"}
{"timestamp":"2026-10-02T20:32:32.798597Z","level":"info","event":"{{ task_instance.xcom_pull(task_ids='extract_user', dag_id='user_processing', key='return_value') }}","chan":"stdout","logger":"processor"}
{"timestamp":"2026-10-02T20:32:34.874806","level":"info","event":"Filling up the DagBag from /opt/airflow/dags/user_processing.py","logger":"airflow.models.dagbag.DagBag"}
{"timestamp":"2026-10-02T20:32:34.916926Z","level":"info","event":"{{ task_instance.xcom_pull(task_ids='extract_user', dag_id='user_processing', key='return_value') }}","chan":"stdout","logger":"processor"}
{"timestamp":"2026-10-02T20:32:41.035666","level":"info","event":"Filling up the DagBag from /opt/airflow/dags/user_processing.py","logger":"airflow.models.dagbag.DagBag"}
{"timestamp":"2026-10-02T20:32:41.091138Z","level":"info","event":"{{ task_instance.xcom_pull(task_ids='extract_user', dag_id='user_processing', key='return_value') }}","chan":"stdout","logger":"processor"}
{"timestamp":"2026-10-02T20:32:45.196976","level":"info","event":"Filling up the DagBag from /opt/airflow/dags/user_processing.py","logger":"airflow.models.dagbag.DagBag"}
{"timestamp":"2026-10-02T20:32:45.244066Z","level":"info","event":"{{ task_instance.xcom_pull(task_ids='extract_user', dag_id='user_processing', key='return_value') }}","chan":"stdout","logger":"processor"}
{"timestamp":"2026-10-02T20:32:47.346081","level":"info","event":"Filling up the DagBag from /opt/airflow/dags/user_processing.py","logger":"airflow.models.dagbag.DagBag"}
{"timestamp":"2026-10-02T20:32:47.391962Z","level":"info","event":"{{ task_instance.xcom_pull(task_ids='extract_user', dag_id='user_processing', key='return_value') }}","chan":"stdout","logger":"processor"}
{"timestamp":"2026-10-02T20:33:01.558751","level":"info","event":"Filling up the DagBag from /opt/airflow/dags/user_processing.py","logger":"airflow.models.dagbag.DagBag"}
{"timestamp":"2026-10-02T20:33:01.591560Z","level":"info","event":"{{ task_instance.xcom_pull(task_ids='extract_user', dag_id='user_processing', key='return_value') }}","chan":"stdout","logger":"processor"}
{"timestamp":"2026-10-02T20:33:08.706899","level":"info","event":"Filling up the DagBag from /opt/airflow/dags/user_processing.py","logger":"airflow.models.dagbag.DagBag"}
{"timestamp":"2026-10-02T20:33:08.748930Z","level":"info","event":"{{ task_instance.xcom_pull(task_ids='extract_user', dag_id='user_processing', key='return_value') }}","chan":"stdout","logger":"processor"}
{"timestamp":"2026-10-02T20:33:18.890240","level":"info","event":"Filling up the DagBag from /opt/airflow/dags/user_processing.py","logger":"airflow.models.dagbag.DagBag"}
{"timestamp":"2026-10-02T20:33:18.938899Z","level":"info","event":"{{ task_instance.xcom_pull(task_ids='extract_user', dag_id='user_processing', key='return_value') }}","chan":"stdout","logger":"processor"}
{"timestamp":"2026-10-02T20:33:25.075000","level":"info","event":"Filling up the DagBag from /opt/airflow/dags/user_processing.py","logger":"airflow.models.dagbag.DagBag"}
{"timestamp":"2026-10-02T20:33:25.126223Z","level":"info","event":"{{ task_instance.xcom_pull(task_ids='extract_user', dag_id='user_processing', key='return_value') }}","chan":"stdout","logger":"processor"}
{"timestamp":"2026-10-02T20:33:28.227787","level":"info","event":"Filling up the DagBag from /opt/airflow/dags/user_processing.py","logger":"airflow.models.dagbag.DagBag"}
{"timestamp":"2026-10-02T20:33:28.271667Z","level":"info","event":"{{ task_instance.xcom_pull(task_ids='extract_user', dag_id='user_processing', key='return_value') }}","chan":"stdout","logger":"processor"}
{"timestamp":"2026-10-02T20:33:34.386929","level":"info","event":"Filling up the DagBag from /opt/airflow/dags/user_processing.py","logger":"airflow.models.dagbag.DagBag"}
{"timestamp":"2026-10-02T20:33:34.427286Z","level":"info","event":"{{ task_instance.xcom_pull(task_ids='extract_user', dag_id='user_processing', key='return_value') }}","chan":"stdout","logger":"processor"}
{"timestamp":"2026-10-02T20:34:04.735626","level":"info","event":"Filling up the DagBag from /opt/airflow/dags/user_processing.py","logger":"airflow.models.dagbag.DagBag"}
{"timestamp":"2026-10-02T20:34:04.761993Z","level":"info","event":"{{ task_instance.xcom_pull(task_ids='extract_user', dag_id='user_processing', key='return_value') }}","chan":"stdout","logger":"processor"}
{"timestamp":"2026-10-02T20:34:35.030090","level":"info","event":"Filling up the DagBag from /opt/airflow/dags/user_processing.py","logger":"airflow.models.dagbag.DagBag"}
{"timestamp":"2026-10-02T20:34:35.061855Z","level":"info","event":"{{ task_instance.xcom_pull(task_ids='extract_user', dag_id='user_processing', key='return_value') }}","chan":"stdout","logger":"processor"}
{"timestamp":"2026-10-02T20:35:05.388050","level":"info","event":"Filling up the DagBag from /opt/airflow/dags/user_processing.py","logger":"airflow.models.dagbag.DagBag"}
{"timestamp":"2026-10-02T20:35:05.419698Z","level":"info","event":"{{ task_instance.xcom_pull(task_ids='extract_user', dag_id='user_processing', key='return_value') }}","chan":"stdout","logger":"processor"}
